experiment,year,gini,compliance_rate,evasion_rate,total_sugar,population
test_run,0,0.21990564430970516,0.515,0.25,2935.6999999999985,200.0
test_run,1,0.21242377172811988,0.4,0.295,2806.1274999999982,200.0
test_run,2,0.2103644101447344,0.37,0.265,2654.071625000001,200.0
test_run,3,0.22229757871966815,0.16,0.48,2560.6648749999995,200.0
test_run,4,0.23672841501204056,0.115,0.45,2482.1234600000003,200.0
test_run,5,0.23397934400199305,0.19,0.465,2394.2159795,200.0
test_run,6,0.23037975063955907,0.22,0.415,2334.6913083,200.0
test_run,7,0.22210327822059894,0.28,0.345,2280.231448795,200.0
test_run,8,0.22475878919587777,0.22,0.355,2264.0142399937495,200.0
test_run,9,0.24069050933080494,0.135,0.605,2247.0664046149986,200.0
test_run,10,0.23721080802499817,0.145,0.455,2215.287135681,200.0
test_run,11,0.23251462451481775,0.375,0.305,2179.918736672399,200.0
test_run,12,0.23764171490463482,0.235,0.395,2154.094553849659,200.0
test_run,13,0.22788894990255537,0.425,0.39,2100.1183617251004,200.0
test_run,14,0.24496307838455267,0.32160804020100503,0.48743718592964824,2128.82295046103,199.0
test_run,15,0.24678150391453024,0.31155778894472363,0.4321608040201005,2113.585771872167,199.0
test_run,16,0.24237313756146062,0.2663316582914573,0.32663316582914576,2064.909867765184,199.0
test_run,17,0.24469816369930575,0.3888888888888889,0.3939393939393939,2070.0209286023455,198.0
test_run,18,0.2528729188131156,0.045454545454545456,0.25252525252525254,2066.3845525068864,198.0
test_run,19,0.2484433452111885,0.25252525252525254,0.2474747474747475,2027.383126925436,198.0
test_run,20,0.2549172761706051,0.10101010101010101,0.21212121212121213,2022.5837260768292,198.0
test_run,21,0.2588446210779545,0.13131313131313133,0.1111111111111111,2013.3235958466976,198.0
test_run,22,0.2606086447043461,0.10101010101010101,0.13636363636363635,2001.8603358971095,198.0
test_run,23,0.2625176678417178,0.1717171717171717,0.12626262626262627,2008.4888503022967,198.0
test_run,24,0.2603587322971288,0.07575757575757576,0.17676767676767677,2020.953782470582,198.0
test_run,25,0.2628600713810052,0.2828282828282828,0.08080808080808081,2046.380955473628,198.0
test_run,26,0.26043700516017965,0.14213197969543148,0.16751269035532995,2036.723400616443,197.0
test_run,27,0.2584851161021846,0.015228426395939087,0.18274111675126903,2021.7319926818993,197.0
test_run,28,0.27519619918552585,0.01015228426395939,0.37055837563451777,2044.916935380438,197.0
test_run,29,0.27097165949603164,0.005076142131979695,0.38578680203045684,2013.9120268215534,197.0
test_run,30,0.2745990928362547,0.07106598984771574,0.4619289340101523,2007.1293061844335,197.0
test_run,31,0.2623484413674386,0.3197969543147208,0.27411167512690354,1974.6927561941218,197.0
test_run,32,0.25421096149094,0.3248730964467005,0.25888324873096447,1983.1752165032244,197.0
test_run,33,0.24433827788864382,0.4897959183673469,0.15816326530612246,1998.2250571589223,196.0
test_run,34,0.23443692962458296,0.28717948717948716,0.08717948717948718,1984.6491004867403,195.0
test_run,35,0.25281630386277776,0.09230769230769231,0.18461538461538463,2002.1730933125205,195.0
test_run,36,0.2612395864740027,0.15384615384615385,0.2564102564102564,1974.3989576460647,195.0
test_run,37,0.2631280064466701,0.13333333333333333,0.2,1974.7819951387094,195.0
test_run,38,0.26580318121383795,0.13846153846153847,0.19487179487179487,1971.1656702566574,195.0
test_run,39,0.26649535475873054,0.15384615384615385,0.4564102564102564,1962.5515538503676,195.0
test_run,40,0.2737305334743594,0.1958762886597938,0.5515463917525774,2000.999510587258,194.0
test_run,41,0.28172121366713965,0.11398963730569948,0.6528497409326425,2018.5703688690003,193.0
test_run,42,0.2875760631683717,0.0,0.7512953367875648,1995.2001934214475,193.0
test_run,43,0.279274471844297,0.0,0.7823834196891192,1939.9054976538741,193.0
test_run,44,0.28952786142338827,0.0051813471502590676,0.689119170984456,1931.04535626934,193.0
test_run,45,0.29250290628728415,0.0,0.694300518134715,1930.7799651430703,193.0
test_run,46,0.3114274863152824,0.0,0.7512953367875648,1978.140085332213,193.0
test_run,47,0.31635415890012153,0.010362694300518135,0.7461139896373057,1994.3134210636676,193.0
test_run,48,0.3116401990137876,0.0,0.7564766839378239,1977.9971028038617,193.0
test_run,49,0.2929664932001539,0.0,0.7253886010362695,1947.6830959446056,193.0
test_run,50,0.29258999296696575,0.08333333333333333,0.703125,1971.940110179495,192.0
test_run,51,0.2890207796375497,0.09895833333333333,0.6666666666666666,1991.761956620701,192.0
test_run,52,0.29022395326253125,0.1099476439790576,0.6387434554973822,1991.8993072237859,191.0
test_run,53,0.27777902766091955,0.11518324607329843,0.6544502617801047,1960.4502941280834,191.0
test_run,54,0.26169980941777227,0.15706806282722513,0.42408376963350786,1941.2192123686418,191.0
test_run,55,0.259662560037101,0.2,0.4,1934.7659447760507,190.0
test_run,56,0.2546247933479555,0.3736842105263158,0.4052631578947368,1956.3159922443895,190.0
test_run,57,0.23969492011544902,0.3894736842105263,0.4263157894736842,1969.7846625283553,190.0
test_run,58,0.23518220005735158,0.5079365079365079,0.3386243386243386,1954.9751106586214,189.0
test_run,59,0.232027208098057,0.5132275132275133,0.42328042328042326,1968.1266901205581,189.0
test_run,60,0.2405298607436246,0.5291005291005291,0.4656084656084656,1982.5194654741576,189.0
test_run,61,0.23970121964247437,0.5238095238095238,0.43915343915343913,1956.048006105019,189.0
test_run,62,0.2314258967198628,0.30687830687830686,0.43386243386243384,1934.4159617184944,189.0
test_run,63,0.22951888116829977,0.25396825396825395,0.4497354497354497,1924.8244514431594,189.0
test_run,64,0.24150164548131703,0.24338624338624337,0.4126984126984127,1925.7754081649762,189.0
test_run,65,0.25131130140632774,0.2857142857142857,0.37037037037037035,1965.2569671725814,189.0
test_run,66,0.2503949433325414,0.07407407407407407,0.2698412698412698,1946.1204827653216,189.0
test_run,67,0.2534370192728952,0.1164021164021164,0.4497354497354497,1927.5760230436947,189.0
test_run,68,0.2708727663081709,0.21164021164021163,0.5079365079365079,1979.0727024912417,189.0
test_run,69,0.2703606347171996,0.20634920634920634,0.5925925925925926,1985.3784125336363,189.0
test_run,70,0.284295640252876,0.20634920634920634,0.6349206349206349,2034.8997886949423,189.0
test_run,71,0.2866212062462583,0.1746031746031746,0.7883597883597884,2038.911137754544,189.0
test_run,72,0.2821201787972438,0.18518518518518517,0.8042328042328042,2001.5409228980045,189.0
test_run,73,0.27343958433163373,0.12698412698412698,0.8677248677248677,1940.3384764502525,189.0
test_run,74,0.28845436376459244,0.10052910052910052,0.8888888888888888,1988.1628239066024,189.0
test_run,75,0.28383891889087587,0.1164021164021164,0.8783068783068783,1982.7430607820647,189.0
test_run,76,0.2798689416294473,0.18518518518518517,0.8042328042328042,1960.5799986181971,189.0
test_run,77,0.2682822716442601,0.21693121693121692,0.7724867724867724,1950.4692109243888,189.0
test_run,78,0.26813907132789083,0.2222222222222222,0.7671957671957672,1979.7887729557965,189.0
test_run,79,0.27196175503323805,0.2962962962962963,0.6402116402116402,1999.647222517257,189.0
test_run,80,0.26864978364331726,0.26455026455026454,0.6349206349206349,1987.4775862856238,189.0
test_run,81,0.28325541024581824,0.20105820105820105,0.6613756613756614,1999.4062807814194,189.0
test_run,82,0.28776772924121174,0.17989417989417988,0.6402116402116402,2022.334057281353,189.0
test_run,83,0.2821761980499451,0.19576719576719576,0.6455026455026455,1992.5404966530004,189.0
test_run,84,0.26106565846898455,0.4126984126984127,0.3915343915343915,1932.8060298087332,189.0
test_run,85,0.24862139235604008,0.4603174603174603,0.2857142857142857,1938.1884734915423,189.0
test_run,86,0.24047526403072927,0.5396825396825397,0.20105820105820105,1969.811845178497,189.0
test_run,87,0.2204733781185515,0.5797872340425532,0.12234042553191489,1982.3354554966734,188.0
test_run,88,0.21441459613260982,0.8297872340425532,0.02127659574468085,2004.8812070221293,188.0
test_run,89,0.2111420640239532,0.9042553191489362,0.0,2019.6586603440842,188.0
test_run,90,0.20597684679930395,0.9095744680851063,0.02127659574468085,2014.0235286632978,188.0
test_run,91,0.20625336114844428,0.898936170212766,0.06382978723404255,2019.4486407140375,188.0
test_run,92,0.2206635905309593,0.4095744680851064,0.10106382978723404,2009.0549930931675,188.0
test_run,93,0.2345842076750917,0.23404255319148937,0.22340425531914893,1991.0294854564172,188.0
test_run,94,0.2619735435749422,0.047872340425531915,0.44148936170212766,2002.2586695784676,188.0
test_run,95,0.27184151945440393,0.06382978723404255,0.3617021276595745,1989.0903880253704,188.0
test_run,96,0.2705577868794584,0.10638297872340426,0.3776595744680851,1964.909242820638,188.0
test_run,97,0.26493092636263027,0.0797872340425532,0.5,1940.6472617943882,188.0
test_run,98,0.26336604079546544,0.11702127659574468,0.6223404255319149,1965.4131998181783,188.0
test_run,99,0.2637787232830564,0.12234042553191489,0.5319148936170213,1971.9960712170468,188.0
test_run,100,0.26182537788483873,0.12234042553191489,0.5372340425531915,1961.1050266727214,188.0
test_run,101,0.2704117212454975,0.0851063829787234,0.6648936170212766,1958.354054339396,188.0
test_run,102,0.27639334759194445,0.0797872340425532,0.6861702127659575,1965.0058570483886,188.0
test_run,103,0.27454529462357047,0.13297872340425532,0.6914893617021277,1963.7801705217075,188.0
test_run,104,0.2824078011357307,0.11702127659574468,0.7021276595744681,1990.7010932486924,188.0
test_run,105,0.29156332711322963,0.09042553191489362,0.824468085106383,2039.0746583480804,188.0
test_run,106,0.30094634580069046,0.10106382978723404,0.776595744680851,2059.390429862092,188.0
test_run,107,0.2949330262187242,0.10638297872340426,0.7872340425531915,2044.6025802939637,188.0
test_run,108,0.3039802166462906,0.0851063829787234,0.7127659574468085,2039.0945731701931,188.0
test_run,109,0.2984614659566336,0.06914893617021277,0.7180851063829787,2000.588071998174,188.0
test_run,110,0.2944590789886694,0.09042553191489362,0.6436170212765957,1980.8616394571284,188.0
test_run,111,0.2768126782070859,0.2872340425531915,0.4095744680851064,1957.3524354984158,188.0
test_run,112,0.26056933152125517,0.3351063829787234,0.39893617021276595,1968.541680967266,188.0
test_run,113,0.2563920260681163,0.3723404255319149,0.3723404255319149,1983.6579881389473,188.0
test_run,114,0.2563445856971034,0.39893617021276595,0.3617021276595745,2006.199685365565,188.0
test_run,115,0.25044684268460493,0.43617021276595747,0.3670212765957447,2043.940038838542,188.0
test_run,116,0.25146622205946545,0.4385026737967914,0.42780748663101603,2088.402608244644,187.0
test_run,117,0.2590655675058817,0.46524064171123,0.42245989304812837,2052.0292492512926,187.0
test_run,118,0.27427797695659506,0.20855614973262032,0.47058823529411764,2074.7569094124588,187.0
test_run,119,0.2762867231850634,0.20320855614973263,0.39037433155080214,2072.4287095376794,187.0
test_run,120,0.27243812789440436,0.22459893048128343,0.37433155080213903,2055.48075182983,187.0
test_run,121,0.2742395031045288,0.25133689839572193,0.28342245989304815,2024.4699181255448,187.0
test_run,122,0.26734801150219645,0.25133689839572193,0.25668449197860965,2010.7850921323272,187.0
test_run,123,0.2556351028252313,0.22994652406417113,0.25668449197860965,2001.1447987771842,187.0
test_run,124,0.25891383352349706,0.20855614973262032,0.24598930481283424,2018.9661577937193,187.0
test_run,125,0.26119481307780834,0.22459893048128343,0.2620320855614973,2010.0034063839691,187.0
test_run,126,0.2669125726928694,0.18716577540106952,0.2620320855614973,2000.333108280749,187.0
test_run,127,0.2820958026563214,0.0053475935828877,0.46524064171123,2016.3096964537865,187.0
test_run,128,0.28599212068603497,0.0053475935828877,0.5187165775401069,1996.5793566899497,187.0
test_run,129,0.2980332893135411,0.0,0.5561497326203209,2003.6803520875212,187.0
test_run,130,0.30857123801677244,0.0,0.5882352941176471,2021.6753214014843,187.0
test_run,131,0.3217237906276402,0.0106951871657754,0.6684491978609626,2060.296096614263,187.0
test_run,132,0.319529046369617,0.0213903743315508,0.6470588235294118,2040.9714866925449,187.0
test_run,133,0.3190593108689599,0.026737967914438502,0.6684491978609626,2043.070451678279,187.0
test_run,134,0.3178380778294667,0.026737967914438502,0.6310160427807486,2023.99446791212,187.0
test_run,135,0.315999384855421,0.03208556149732621,0.6737967914438503,2020.602098743761,187.0
test_run,136,0.296558039439595,0.0,0.6470588235294118,1978.818863497065,187.0
test_run,137,0.2751910720956079,0.0106951871657754,0.6310160427807486,1937.3822001886979,187.0
test_run,138,0.27872792306198946,0.0106951871657754,0.6310160427807486,1958.4901151677664,187.0
test_run,139,0.2829201032676181,0.0106951871657754,0.6149732620320856,1976.2627757484513,187.0
test_run,140,0.2866046369696367,0.016042780748663103,0.6203208556149733,1981.403552739235,187.0
test_run,141,0.29575370840449167,0.0106951871657754,0.6524064171122995,1992.3797627383415,187.0
test_run,142,0.2889204893249493,0.03208556149732621,0.6203208556149733,1966.3782595893117,187.0
test_run,143,0.2894505535946872,0.03208556149732621,0.6684491978609626,1956.779461826366,187.0
test_run,144,0.2649127539875149,0.026737967914438502,0.7058823529411765,1912.9715163242206,187.0
test_run,145,0.2624355206626392,0.0213903743315508,0.6951871657754011,1902.934491765568,187.0
test_run,146,0.2770715889232065,0.0,0.732620320855615,1940.8892867383058,187.0
test_run,147,0.2759764480235254,0.0,0.7700534759358288,1924.810683383537,187.0
test_run,148,0.2843877616826207,0.0,0.8449197860962567,1947.8760879377353,187.0
test_run,149,0.28947366646710293,0.0,0.8181818181818182,1969.0479268945655,187.0
test_run,150,0.27855668572259584,0.0,0.839572192513369,1952.209888347855,187.0
test_run,151,0.2676794297652765,0.0106951871657754,0.8449197860962567,1935.836447709445,187.0
test_run,152,0.26193091807752067,0.0053475935828877,0.8502673796791443,1939.3404482911299,187.0
test_run,153,0.26614275622085715,0.0053475935828877,0.8770053475935828,1939.954320458722,187.0
test_run,154,0.26551249009221145,0.0053475935828877,0.8716577540106952,1931.7862001470617,187.0
test_run,155,0.27453255892939366,0.0,0.8716577540106952,1945.3202697746572,187.0
test_run,156,0.2782845545820305,0.0106951871657754,0.8181818181818182,1963.95429504818,187.0
test_run,157,0.29209124506881134,0.0053475935828877,0.8128342245989305,2004.0883884980672,187.0
test_run,158,0.30721832285000117,0.0106951871657754,0.7807486631016043,2033.3363397840155,187.0
test_run,159,0.2984328114687027,0.0,0.786096256684492,2008.4972022973075,187.0
test_run,160,0.29865859756048696,0.016042780748663103,0.8235294117647058,2006.829642451285,187.0
test_run,161,0.2951280430767198,0.0374331550802139,0.7914438502673797,1988.252790670228,187.0
test_run,162,0.2974112479358493,0.0106951871657754,0.839572192513369,1987.7257449365518,187.0
test_run,163,0.25157590502646876,0.0106951871657754,0.7967914438502673,1896.1067192004323,187.0
test_run,164,0.24912165376672224,0.08021390374331551,0.7593582887700535,1923.223583613831,187.0
test_run,165,0.2590614555865032,0.10695187165775401,0.732620320855615,1943.0424651085266,187.0
test_run,166,0.25200302263631125,0.0962566844919786,0.6898395721925134,1945.9755238004325,187.0
test_run,167,0.2730061213366135,0.0,0.8021390374331551,1993.824192236078,187.0
test_run,168,0.2815269524079742,0.0,0.8181818181818182,1983.21537880685,187.0
test_run,169,0.2769572940148364,0.0,0.8128342245989305,1958.8765173996337,187.0
test_run,170,0.2855370604290235,0.0,0.8235294117647058,1982.3292289849687,187.0
test_run,171,0.29256926321639254,0.0,0.8288770053475936,1987.9973686422793,187.0
test_run,172,0.2870980739733773,0.0053475935828877,0.8288770053475936,1987.7744459929422,187.0
test_run,173,0.2904915269444963,0.0,0.8235294117647058,1990.3279312511859,187.0
test_run,174,0.27844097279433444,0.0,0.8235294117647058,1957.6721514038982,187.0
test_run,175,0.2672108590527449,0.0,0.5989304812834224,1942.6369614350908,187.0
test_run,176,0.25671218784359073,0.0,0.5775401069518716,1929.3086995462518,187.0
test_run,177,0.2521175619185667,0.0,0.5240641711229946,1913.2884764739965,187.0
test_run,178,0.23149121956472296,0.0,0.44385026737967914,1910.1866659669936,187.0
test_run,179,0.23323993587759095,0.0,0.37967914438502676,1926.2443024229606,187.0
test_run,180,0.23912763783601854,0.0,0.35294117647058826,1925.0202750928695,187.0
test_run,181,0.23182426011327206,0.0,0.36363636363636365,1899.2367827608111,187.0
test_run,182,0.22964531450909242,0.0,0.36363636363636365,1882.8607557229382,187.0
test_run,183,0.23231009656844526,0.0,0.39572192513368987,1888.4830712771611,187.0
test_run,184,0.23686557424748966,0.0,0.39572192513368987,1901.7802436898203,187.0
test_run,185,0.24474059830318784,0.0374331550802139,0.40106951871657753,1907.3707177252722,187.0
test_run,186,0.24493164953663205,0.016042780748663103,0.3850267379679144,1892.7342381095818,187.0
test_run,187,0.24439945512933092,0.026737967914438502,0.40106951871657753,1889.3089523179242,187.0
test_run,188,0.24570143099630504,0.0106951871657754,0.39572192513368987,1892.7863241436519,187.0
test_run,189,0.2517909046516915,0.0106951871657754,0.3582887700534759,1908.78572445499,187.0
test_run,190,0.2581106802941402,0.026737967914438502,0.3850267379679144,1928.7579679205326,187.0
test_run,191,0.25050743096706074,0.0053475935828877,0.3582887700534759,1922.2562654330293,187.0
test_run,192,0.23928942532557862,0.0,0.33689839572192515,1887.4150244184882,187.0
test_run,193,0.25293268850299366,0.026737967914438502,0.36363636363636365,1902.4890730312788,187.0
test_run,194,0.25410258022818955,0.0213903743315508,0.37433155080213903,1904.21977334751,187.0
test_run,195,0.25585649514091124,0.026737967914438502,0.3850267379679144,1914.0427084315995,187.0
test_run,196,0.2708818347298194,0.026737967914438502,0.34759358288770054,1950.3431406964721,187.0
test_run,197,0.25812989854178503,0.03208556149732621,0.36363636363636365,1929.0782623198315,187.0
test_run,198,0.253776511559789,0.026737967914438502,0.34759358288770054,1928.7184918449564,187.0
test_run,199,0.2547404881878035,0.0213903743315508,0.35294117647058826,1937.7056008141733,187.0
test_run,200,0.26721809135797026,0.0213903743315508,0.37967914438502676,1945.632406079252,187.0
test_run,201,0.26044731870639026,0.27807486631016043,0.35294117647058826,1948.1725761087903,187.0
test_run,202,0.25254231772632507,0.23529411764705882,0.4117647058823529,1954.2767306794615,187.0
test_run,203,0.2586356342533258,0.2887700534759358,0.4117647058823529,1966.9889609948436,187.0
test_run,204,0.2544454892391219,0.32085561497326204,0.42245989304812837,1971.9007888799708,187.0
test_run,205,0.24737629113291937,0.29411764705882354,0.48128342245989303,1965.1692652310855,187.0
test_run,206,0.25052457228390224,0.21390374331550802,0.5187165775401069,1965.0544254758656,187.0
test_run,207,0.2489659288729711,0.2620320855614973,0.5026737967914439,1967.1470388066093,187.0
test_run,208,0.2553759080135738,0.26737967914438504,0.5240641711229946,1981.3885836784448,187.0
test_run,209,0.2528423494807228,0.23529411764705882,0.5508021390374331,1955.4900841794947,187.0
test_run,210,0.26358037122633493,0.2620320855614973,0.5775401069518716,1955.6598150959817,187.0
test_run,211,0.26913002398779473,0.28342245989304815,0.5240641711229946,1982.6136790395426,187.0
test_run,212,0.2777159550459687,0.2887700534759358,0.5187165775401069,2024.8361415914878,187.0
test_run,213,0.2802452969972944,0.25133689839572193,0.5508021390374331,2014.2161363676043,187.0
test_run,214,0.27842793538808297,0.34759358288770054,0.46524064171123,2011.448784748703,187.0
test_run,215,0.2694453931364278,0.4919786096256685,0.2887700534759358,2010.3660739265288,187.0
test_run,216,0.2556557156384911,0.48128342245989303,0.26737967914438504,2006.6046776428882,187.0
test_run,217,0.2546270542549731,0.49732620320855614,0.21390374331550802,2005.7854779288457,187.0
test_run,218,0.2489787258386309,0.5133689839572193,0.16042780748663102,2021.1035729424564,187.0
test_run,219,0.2305633991434639,0.5187165775401069,0.12834224598930483,1970.926007343494,187.0
test_run,220,0.2313257952939336,0.45989304812834225,0.15508021390374332,1977.3976905810337,187.0
test_run,221,0.23260487771822835,0.47593582887700536,0.1497326203208556,1990.5041208405742,187.0
test_run,222,0.2282752946881137,0.5187165775401069,0.11764705882352941,1985.752764609384,187.0
test_run,223,0.22542270778108775,0.47058823529411764,0.15508021390374332,1976.2579847913255,187.0
test_run,224,0.23158693819302822,0.47058823529411764,0.18716577540106952,1987.6869535636492,187.0
test_run,225,0.2304004534817552,0.5561497326203209,0.10160427807486631,2005.2479358678374,187.0
test_run,226,0.22699257481041402,0.5561497326203209,0.0855614973262032,1980.4955539730804,187.0
test_run,227,0.23166015930987593,0.4919786096256685,0.06417112299465241,1972.528509685041,187.0
test_run,228,0.22346295673659866,0.48663101604278075,0.03208556149732621,1966.2542069064887,187.0
test_run,229,0.22700117851515622,0.5376344086021505,0.0,1960.0744281739119,186.0
test_run,230,0.22662890308760852,0.43548387096774194,0.0,1975.3387531823125,186.0
test_run,231,0.2243431241132312,0.5053763440860215,0.0,1972.2659830070882,186.0
test_run,232,0.22248019425525656,0.5161290322580645,0.0,1977.336143521347,186.0
test_run,233,0.220511719740611,0.4946236559139785,0.0,1957.8842587821684,186.0
test_run,234,0.21735079484415887,0.489247311827957,0.0,1932.9433572932303,186.0
test_run,235,0.21376676046811904,0.45698924731182794,0.0,1932.1171593999877,186.0
test_run,236,0.21817588984922476,0.45698924731182794,0.0,1971.1209648746162,186.0
test_run,237,0.22247547977046978,0.4838709677419355,0.0,1979.942525912657,186.0
test_run,238,0.22017155345370276,0.5483870967741935,0.0,1992.8974594157787,186.0
test_run,239,0.2228374294063793,0.543010752688172,0.0,1999.8939532438671,186.0
test_run,240,0.21447395296427696,0.553763440860215,0.0,1985.4791081264937,186.0
test_run,241,0.20502440591026083,0.5376344086021505,0.0,1948.860528301224,186.0
test_run,242,0.202894342043892,0.5161290322580645,0.0,1945.6456861182494,186.0
test_run,243,0.20560104646620792,0.478494623655914,0.0,1935.678194106676,186.0
test_run,244,0.2081871553514787,0.489247311827957,0.0,1926.95510257848,186.0
test_run,245,0.21260342709200764,0.46774193548387094,0.0,1942.2154093262004,186.0
test_run,246,0.21254645394437532,0.4946236559139785,0.0,1966.706296227381,186.0
test_run,247,0.21958355858426315,0.543010752688172,0.0,1956.807782060265,186.0
test_run,248,0.22599876120451512,0.5483870967741935,0.0,1947.9432076399535,186.0
test_run,249,0.22598655523437028,0.5483870967741935,0.0,1962.2304445654997,186.0
test_run,250,0.22984368171724467,0.5053763440860215,0.0,1961.7736360209149,186.0
test_run,251,0.23605306064373877,0.5161290322580645,0.0,1968.9963075312141,186.0
test_run,252,0.23184848729522045,0.5591397849462365,0.0,1982.34382270604,186.0
test_run,253,0.25873663852196405,0.23655913978494625,0.26881720430107525,2034.7670324993032,186.0
test_run,254,0.2726914811851333,0.3010752688172043,0.3010752688172043,2022.5049998752436,186.0
test_run,255,0.2798528310298585,0.3172043010752688,0.3010752688172043,2018.822414491758,186.0
test_run,256,0.2882718561017754,0.053763440860215055,0.3709677419354839,2001.7254653008263,186.0
test_run,257,0.28658112956579807,0.05913978494623656,0.34408602150537637,1975.5858088115574,186.0
test_run,258,0.27307603047106443,0.043010752688172046,0.3225806451612903,1949.8744857314646,186.0
test_run,259,0.2824534172671367,0.026881720430107527,0.24193548387096775,1982.7911910361458,186.0
test_run,260,0.28730440023358605,0.03763440860215054,0.21505376344086022,2005.0457026895351,186.0
test_run,261,0.2828174407526278,0.026881720430107527,0.1774193548387097,2002.1481259932395,186.0
test_run,262,0.27322906371326594,0.016129032258064516,0.1774193548387097,1961.720663981288,186.0
test_run,263,0.2767283994967005,0.0,0.1827956989247312,1953.9261846790198,186.0
test_run,264,0.2611633275428875,0.03225806451612903,0.1989247311827957,1910.5454355391214,186.0
test_run,265,0.26134327248579514,0.026881720430107527,0.1881720430107527,1911.1572903141619,186.0
test_run,266,0.25840914493507383,0.026881720430107527,0.20430107526881722,1930.7018370683486,186.0
test_run,267,0.26767639820679734,0.021505376344086023,0.1827956989247312,1945.225856155631,186.0
test_run,268,0.26709987711124716,0.043010752688172046,0.21505376344086022,1941.955992118399,186.0
test_run,269,0.2708075666893195,0.021505376344086023,0.22043010752688172,1946.9701570225152,186.0
test_run,270,0.2708869486717871,0.021505376344086023,0.23655913978494625,1927.6410828699309,186.0
test_run,271,0.26396457486118896,0.021505376344086023,0.20430107526881722,1903.3694786935762,186.0
test_run,272,0.26403424759898986,0.026881720430107527,0.21505376344086022,1903.2919129940246,186.0
test_run,273,0.2575951334376765,0.021505376344086023,0.20430107526881722,1895.7920066383406,186.0
test_run,274,0.24308991639310973,0.03225806451612903,0.21505376344086022,1888.7398671386932,186.0
test_run,275,0.23771695206287924,0.026881720430107527,0.1827956989247312,1890.6811798329254,186.0
test_run,276,0.23984984580004487,0.010752688172043012,0.21505376344086022,1881.223274036231,186.0
test_run,277,0.2380698672870425,0.005376344086021506,0.20430107526881722,1876.780636635307,186.0
test_run,278,0.24719498278786944,0.010752688172043012,0.22580645161290322,1888.5000009935773,186.0
test_run,279,0.25311039461159046,0.0,0.25268817204301075,1887.290779700311,186.0
test_run,280,0.26460057938044623,0.026881720430107527,0.26344086021505375,1915.958661237245,186.0
test_run,281,0.2665689449729123,0.026881720430107527,0.24193548387096775,1929.4615009871304,186.0
test_run,282,0.26638833177914933,0.043010752688172046,0.26344086021505375,1931.081433397554,186.0
test_run,283,0.26653205871534613,0.016129032258064516,0.23118279569892472,1938.122679141063,186.0
test_run,284,0.26214892976372206,0.03225806451612903,0.24193548387096775,1932.0603967938862,186.0
test_run,285,0.25510736115456023,0.03225806451612903,0.22043010752688172,1920.2694884216494,186.0
test_run,286,0.25082834361884143,0.026881720430107527,0.1881720430107527,1911.9970882573534,186.0
test_run,287,0.25283228392397783,0.005376344086021506,0.16666666666666666,1911.4068998638663,186.0
test_run,288,0.25765687127816084,0.016129032258064516,0.1989247311827957,1934.4917844025676,186.0
test_run,289,0.24495027884430542,0.22580645161290322,0.16666666666666666,1904.288896855552,186.0
test_run,290,0.24897197826538542,0.24731182795698925,0.23118279569892472,1923.3246378689137,186.0
test_run,291,0.247438389459826,0.24193548387096775,0.27956989247311825,1946.6653697267936,186.0
test_run,292,0.25423989245542056,0.25806451612903225,0.3064516129032258,1969.2191659348725,186.0
test_run,293,0.2548108916064187,0.27419354838709675,0.3225806451612903,1975.0905369324444,186.0
test_run,294,0.2613690493962286,0.24731182795698925,0.3602150537634409,1975.6205385585263,186.0
test_run,295,0.26043373068569187,0.26344086021505375,0.3817204301075269,1948.99040927574,186.0
test_run,296,0.26035679938532397,0.2849462365591398,0.3870967741935484,1959.4252625101717,186.0
test_run,297,0.2628455850354874,0.26881720430107525,0.3870967741935484,1953.14881836753,186.0
test_run,298,0.25690424433672865,0.3172043010752688,0.3763440860215054,1986.1977697113423,186.0
test_run,299,0.2508595019467956,0.26881720430107525,0.34408602150537637,1980.9064781342977,186.0
test_run,300,0.24208604082805785,0.24731182795698925,0.3709677419354839,1935.5836133853736,186.0
test_run,301,0.25109782755546184,0.23655913978494625,0.3709677419354839,1953.0764271973296,186.0
test_run,302,0.25226667701195105,0.25268817204301075,0.34408602150537637,1964.2927781245369,186.0
test_run,303,0.2635070238025452,0.20430107526881722,0.3602150537634409,1974.933114572068,186.0
test_run,304,0.26026245390925773,0.27419354838709675,0.3333333333333333,1945.484365705613,186.0
test_run,305,0.26089163125022674,0.27956989247311825,0.3279569892473118,1970.430176232456,186.0
test_run,306,0.25796361082295505,0.27956989247311825,0.3118279569892473,1961.470805907485,186.0
test_run,307,0.2664895592349923,0.25268817204301075,0.3172043010752688,1974.5515223682,186.0
test_run,308,0.26569096815799265,0.27419354838709675,0.2956989247311828,1948.7003975882358,186.0
test_run,309,0.26653572739686626,0.25268817204301075,0.3225806451612903,1989.2590538327388,186.0
test_run,310,0.2673328670446997,0.26881720430107525,0.4032258064516129,1966.7609563053907,186.0
test_run,311,0.2681799598880126,0.2956989247311828,0.3870967741935484,1929.64275624191,186.0
test_run,312,0.2597923043938877,0.27419354838709675,0.41397849462365593,1926.2054322231113,186.0
test_run,313,0.26278117147409996,0.23118279569892472,0.3978494623655914,1941.343888514212,186.0
test_run,314,0.26701709055526623,0.2956989247311828,0.3978494623655914,1974.114466816485,186.0
test_run,315,0.2613781450811896,0.2849462365591398,0.3655913978494624,1952.0310384947938,186.0
test_run,316,0.25395844537080214,0.3010752688172043,0.3655913978494624,1929.8126895372548,186.0
test_run,317,0.25801162484387974,0.27956989247311825,0.3763440860215054,1955.0423192824396,186.0
test_run,318,0.2481869260681917,0.3010752688172043,0.34946236559139787,1940.6572539008964,186.0
test_run,319,0.23974251174630057,0.22043010752688172,0.3817204301075269,1910.6237402751303,186.0
test_run,320,0.24294838494780446,0.23655913978494625,0.3817204301075269,1935.4813913549392,186.0
test_run,321,0.2429099276162019,0.2956989247311828,0.3172043010752688,1930.5686367964881,186.0
test_run,322,0.24784061543289937,0.2903225806451613,0.3333333333333333,1967.1028877098322,186.0
test_run,323,0.2467117600978721,0.25268817204301075,0.34946236559139787,1935.8423423314275,186.0
test_run,324,0.24444699813546267,0.26881720430107525,0.34946236559139787,1933.1499409020994,186.0
test_run,325,0.2563696881198638,0.26344086021505375,0.3978494623655914,1972.7348322410087,186.0
test_run,326,0.2554682508492663,0.3172043010752688,0.34946236559139787,1977.1776606099127,186.0
test_run,327,0.2579032200173357,0.23655913978494625,0.3870967741935484,2010.3591720672305,186.0
test_run,328,0.25784968228382876,0.3387096774193548,0.2956989247311828,2007.3935997142216,186.0
test_run,329,0.2510073566063462,0.26881720430107525,0.3010752688172043,2017.4977650920416,186.0
test_run,330,0.25352193539502754,0.23118279569892472,0.3602150537634409,1986.6921333547898,186.0
test_run,331,0.24617625164449475,0.23118279569892472,0.3387096774193548,2004.4995556380138,186.0
test_run,332,0.24219597757115596,0.2849462365591398,0.3333333333333333,2002.0280430309522,186.0
test_run,333,0.24367173891170135,0.2903225806451613,0.34408602150537637,2010.907541624952,186.0
test_run,334,0.24238734288924046,0.27956989247311825,0.3387096774193548,1986.7578083138535,186.0
test_run,335,0.24329381558462737,0.2903225806451613,0.2956989247311828,2002.909321789414,186.0
test_run,336,0.24204820548795403,0.25806451612903225,0.3064516129032258,1977.8035958268833,186.0
test_run,337,0.25021592475452503,0.22580645161290322,0.3602150537634409,1951.9017681971134,186.0
test_run,338,0.2565245395272764,0.26881720430107525,0.3602150537634409,1949.5066937892357,186.0
test_run,339,0.255976961978734,0.3064516129032258,0.3387096774193548,1952.948755283949,186.0
test_run,340,0.25641275406636677,0.2849462365591398,0.34408602150537637,1942.710300988655,186.0
test_run,341,0.2510110220258517,0.3010752688172043,0.3279569892473118,1941.4730234519695,186.0
test_run,342,0.24081223337789903,0.25806451612903225,0.3817204301075269,1916.3598484377492,186.0
test_run,343,0.2427149034380367,0.25806451612903225,0.4032258064516129,1935.4563063800474,186.0
test_run,344,0.25596316773066774,0.23655913978494625,0.3978494623655914,1936.059767092537,186.0
test_run,345,0.2469851407666921,0.2849462365591398,0.3870967741935484,1940.3992249289383,186.0
test_run,346,0.24432710609649555,0.24193548387096775,0.40860215053763443,1939.4951447844778,186.0
test_run,347,0.2451970991489889,0.22580645161290322,0.41397849462365593,1922.6514029840885,186.0
test_run,348,0.24519103915174334,0.25806451612903225,0.4032258064516129,1918.890247423482,186.0
test_run,349,0.2543036410076822,0.25806451612903225,0.3978494623655914,1962.3464968005687,186.0
test_run,350,0.25472597669439123,0.3118279569892473,0.3655913978494624,1955.6775168198194,186.0
test_run,351,0.2598965745996882,0.3010752688172043,0.3709677419354839,1982.4418708838602,186.0
test_run,352,0.26400639806663473,0.2849462365591398,0.3870967741935484,1978.2820053144035,186.0
test_run,353,0.2545829486941522,0.27419354838709675,0.41397849462365593,2005.4131807351744,186.0
test_run,354,0.26076394051533813,0.26881720430107525,0.44623655913978494,1992.8242123224288,186.0
test_run,355,0.2620171194669856,0.27956989247311825,0.3763440860215054,2021.0320770070277,186.0
test_run,356,0.2641943113018881,0.2956989247311828,0.34946236559139787,2014.204328917975,186.0
test_run,357,0.25731427251176453,0.3279569892473118,0.3978494623655914,2016.8305477513513,186.0
test_run,358,0.27196873247015274,0.25268817204301075,0.43010752688172044,2014.825106070958,186.0
test_run,359,0.26834304411185705,0.26344086021505375,0.4946236559139785,1984.5465193670984,186.0
test_run,360,0.26926668400788456,0.2956989247311828,0.510752688172043,1978.3759719519517,186.0
test_run,361,0.26372914657095947,0.3225806451612903,0.5161290322580645,1985.424571180324,186.0
test_run,362,0.2653437458790169,0.2849462365591398,0.5053763440860215,2008.721523454403,186.0
test_run,363,0.2578604590057536,0.2956989247311828,0.5161290322580645,2007.9403801401172,186.0
test_run,364,0.25249203631810735,0.3333333333333333,0.44623655913978494,2007.0319326967071,186.0
test_run,365,0.258371124765127,0.26881720430107525,0.46236559139784944,2022.5191863538628,186.0
test_run,366,0.25053015479740637,0.24193548387096775,0.4838709677419355,1997.0185224108689,186.0
test_run,367,0.25142355127952865,0.2956989247311828,0.45161290322580644,1996.183344237628,186.0
test_run,368,0.2538810948040311,0.2849462365591398,0.489247311827957,2000.3638323759048,186.0
test_run,369,0.25345027965776046,0.27419354838709675,0.46774193548387094,1997.299788225022,186.0
test_run,370,0.265020167354467,0.2956989247311828,0.44086021505376344,2031.0072936409715,186.0
test_run,371,0.27498327471874595,0.2956989247311828,0.44623655913978494,2035.239117140876,186.0
test_run,372,0.27774396615391694,0.27419354838709675,0.478494623655914,2054.59415410011,186.0
test_run,373,0.28401409624297935,0.3118279569892473,0.46236559139784944,2062.7722901862253,186.0
test_run,374,0.2743362325533143,0.2903225806451613,0.4731182795698925,2034.1169852871342,186.0
test_run,375,0.2669445529444634,0.3118279569892473,0.4838709677419355,2030.7580576363337,186.0
test_run,376,0.26785564375428583,0.26344086021505375,0.510752688172043,2019.2704453988479,186.0
test_run,377,0.27231824976176733,0.2903225806451613,0.5,2012.0592549598732,186.0
test_run,378,0.2714264175242025,0.26344086021505375,0.4946236559139785,2005.395804856636,186.0
test_run,379,0.2658832099942037,0.2956989247311828,0.46236559139784944,2013.8871800583127,186.0
test_run,380,0.26895680251908205,0.3064516129032258,0.45161290322580644,2044.6203761557042,186.0
test_run,381,0.2755167657835036,0.3010752688172043,0.45698924731182794,2060.6708306900377,186.0
test_run,382,0.2780439545879836,0.26881720430107525,0.44623655913978494,2031.992819401373,186.0
test_run,383,0.26305780209394247,0.2956989247311828,0.44086021505376344,1983.2849128771443,186.0
test_run,384,0.259935970664682,0.2903225806451613,0.45161290322580644,1971.989256365543,186.0
test_run,385,0.24972084695926755,0.2903225806451613,0.4838709677419355,1944.0738872226323,186.0
test_run,386,0.24968003195450605,0.27956989247311825,0.46774193548387094,1948.60146837965,186.0
test_run,387,0.2490016799275847,0.3064516129032258,0.43548387096774194,1944.3578512480437,186.0
test_run,388,0.25947547199278254,0.3010752688172043,0.40860215053763443,1973.32124355889,186.0
test_run,389,0.25272313224003873,0.27419354838709675,0.45161290322580644,1965.604766175463,186.0
test_run,390,0.24737682469043398,0.27956989247311825,0.46236559139784944,1948.192223884488,186.0
test_run,391,0.2484955133953537,0.3064516129032258,0.43548387096774194,1967.4782465256228,186.0
test_run,392,0.2560519893424311,0.3064516129032258,0.45698924731182794,2004.2804999441048,186.0
test_run,393,0.25132414710025053,0.3010752688172043,0.43548387096774194,2001.3073127716204,186.0
test_run,394,0.2437218886918986,0.3118279569892473,0.44086021505376344,2022.3854709731654,186.0
test_run,395,0.2556143553104999,0.2956989247311828,0.43548387096774194,2043.736119213608,186.0
test_run,396,0.2490326287837652,0.26881720430107525,0.46774193548387094,2013.4440494735798,186.0
test_run,397,0.2496619282116188,0.2956989247311828,0.43548387096774194,2003.9361435502042,186.0
test_run,398,0.24299527342399152,0.3225806451612903,0.45698924731182794,1983.496421658383,186.0
test_run,399,0.238952867620557,0.3010752688172043,0.46236559139784944,1942.462641564234,186.0
test_run,400,0.24062130900177547,0.3225806451612903,0.45698924731182794,1936.4982127241988,186.0
test_run,401,0.23567017445210148,0.3064516129032258,0.46774193548387094,1961.3604290214137,186.0
test_run,402,0.23490193136138893,0.2903225806451613,0.510752688172043,1937.9810578372485,186.0
test_run,403,0.23872268737775437,0.3010752688172043,0.4731182795698925,1957.9227680948106,186.0
test_run,404,0.24389621175957377,0.2956989247311828,0.478494623655914,1948.6948009852779,186.0
test_run,405,0.24380949337649738,0.2903225806451613,0.489247311827957,1973.836183744649,186.0
test_run,406,0.24303627266662353,0.27956989247311825,0.45698924731182794,1981.2999209114473,186.0
test_run,407,0.24214488895984765,0.2956989247311828,0.4838709677419355,1977.8447975868423,186.0
test_run,408,0.24578774600831022,0.26881720430107525,0.489247311827957,1981.7621770155774,186.0
test_run,409,0.23755932697189786,0.3279569892473118,0.45161290322580644,1963.8994971323953,186.0
test_run,410,0.24033401241930563,0.3010752688172043,0.46774193548387094,1980.4554437241657,186.0
test_run,411,0.24831208775540126,0.2849462365591398,0.478494623655914,1990.683601440745,186.0
test_run,412,0.2547042264600996,0.26344086021505375,0.5376344086021505,2020.8424002617114,186.0
test_run,413,0.2588113612623646,0.2903225806451613,0.532258064516129,2039.9390381478963,186.0
test_run,414,0.2614002503252877,0.2903225806451613,0.5161290322580645,2052.4900852742853,186.0
test_run,415,0.2724642638221846,0.2849462365591398,0.5053763440860215,2079.3278287584,186.0
test_run,416,0.25845305756285897,0.3333333333333333,0.45698924731182794,2073.316438236098,186.0
test_run,417,0.2598663776847494,0.3118279569892473,0.46236559139784944,2049.2132249489746,186.0
test_run,418,0.2523248142726109,0.3225806451612903,0.4032258064516129,2034.233975000857,186.0
test_run,419,0.24452187121893276,0.3010752688172043,0.43010752688172044,2066.5681532222234,186.0
test_run,420,0.23696958338917495,0.2903225806451613,0.45698924731182794,2028.8748391232048,186.0
test_run,421,0.23969604074318696,0.20967741935483872,0.543010752688172,2045.7602404215788,186.0
test_run,422,0.24815401581973684,0.21505376344086022,0.5860215053763441,2059.6769213122807,186.0
test_run,423,0.2494770418739949,0.1989247311827957,0.5860215053763441,2004.5873275011509,186.0
test_run,424,0.2539138983287397,0.1935483870967742,0.6075268817204301,1987.8692018379918,186.0
test_run,425,0.2549454263054558,0.20430107526881722,0.6397849462365591,1981.1908463706218,186.0
test_run,426,0.26104913819824915,0.22580645161290322,0.6075268817204301,1993.1049469174657,186.0
test_run,427,0.2575593550479458,0.24731182795698925,0.5806451612903226,2002.4198702595784,186.0
test_run,428,0.26081939255338105,0.23118279569892472,0.5698924731182796,2030.0834998999387,186.0
test_run,429,0.2748115190241651,0.22043010752688172,0.5913978494623656,2034.2847159887413,186.0
test_run,430,0.2692366797918204,0.23655913978494625,0.5645161290322581,2055.4321413286384,186.0
test_run,431,0.26566467735057797,0.23118279569892472,0.5698924731182796,2020.1472393614495,186.0
test_run,432,0.2635730966181222,0.1989247311827957,0.6021505376344086,1995.1319393257693,186.0
test_run,433,0.2545968434110497,0.23655913978494625,0.6021505376344086,1969.8344871519134,186.0
test_run,434,0.24894007967774034,0.23655913978494625,0.5752688172043011,1983.467234128869,186.0
test_run,435,0.2475375783334326,0.26344086021505375,0.5376344086021505,1975.1891281026587,186.0
test_run,436,0.25353407302039566,0.26881720430107525,0.5268817204301075,1974.560195847672,186.0
test_run,437,0.25079564684157307,0.2849462365591398,0.489247311827957,1969.3158847741054,186.0
test_run,438,0.24595402490132168,0.25806451612903225,0.510752688172043,1973.1624026911197,186.0
test_run,439,0.24373812086733282,0.25268817204301075,0.521505376344086,2019.8477288359431,186.0
test_run,440,0.24371652819055556,0.20967741935483872,0.5591397849462365,2019.713141388603,186.0
test_run,441,0.2494493669132971,0.20967741935483872,0.5806451612903226,2000.1705208500953,186.0
test_run,442,0.24241158140221453,0.23118279569892472,0.5483870967741935,1974.4510010267684,186.0
test_run,443,0.24991840021239375,0.21505376344086022,0.5591397849462365,1974.3508434801224,186.0
test_run,444,0.26059182435740924,0.26881720430107525,0.532258064516129,1979.225129417132,186.0
test_run,445,0.2552605244306636,0.3225806451612903,0.4946236559139785,2001.9745687152115,186.0
test_run,446,0.2548106432461592,0.27956989247311825,0.5161290322580645,2022.7494089335028,186.0
test_run,447,0.2636419535598833,0.23655913978494625,0.5591397849462365,2041.6672965532712,186.0
test_run,448,0.2620483726711631,0.26344086021505375,0.5268817204301075,2029.689373499143,186.0
test_run,449,0.24959933925365907,0.24193548387096775,0.5483870967741935,1987.4348979293457,186.0
test_run,450,0.2534327761112629,0.25806451612903225,0.4946236559139785,1980.1061522598914,186.0
test_run,451,0.2571461127182064,0.24193548387096775,0.521505376344086,1949.1239030079357,186.0
test_run,452,0.25573372475059153,0.24731182795698925,0.5268817204301075,1969.7287175224237,186.0
test_run,453,0.2544551280606675,0.2903225806451613,0.5,1999.303573136865,186.0
test_run,454,0.2522971914478225,0.25268817204301075,0.5376344086021505,1993.1763128310793,186.0
test_run,455,0.24670567137020583,0.25806451612903225,0.5483870967741935,1955.8357556466426,186.0
test_run,456,0.25004286944552123,0.27419354838709675,0.5376344086021505,1929.0829548164245,186.0
test_run,457,0.25471173242551415,0.2956989247311828,0.5483870967741935,1960.7404934477456,186.0
test_run,458,0.24616175629003645,0.24731182795698925,0.543010752688172,1937.9761561370383,186.0
test_run,459,0.24724981003936053,0.016129032258064516,0.7580645161290323,1929.6279018106095,186.0
test_run,460,0.26986141618122717,0.016129032258064516,0.7849462365591398,1950.547587676485,186.0
test_run,461,0.2692430929509999,0.043010752688172046,0.7956989247311828,1963.6943943742053,186.0
test_run,462,0.27591986650570943,0.021505376344086023,0.8225806451612904,1974.6273001548805,186.0
test_run,463,0.27602807824033637,0.026881720430107527,0.8064516129032258,1970.9367304601094,186.0
test_run,464,0.27511193495907116,0.016129032258064516,0.8387096774193549,1980.5476123538745,186.0
test_run,465,0.2787623252145315,0.03225806451612903,0.8440860215053764,2004.2151138991474,186.0
test_run,466,0.29523826233415607,0.016129032258064516,0.8709677419354839,2035.713696842861,186.0
test_run,467,0.2958872002953823,0.021505376344086023,0.8870967741935484,2022.171060500521,186.0
test_run,468,0.292151803714191,0.03763440860215054,0.8763440860215054,1995.1515871317329,186.0
test_run,469,0.30254957714721065,0.03763440860215054,0.8924731182795699,2029.4655184877731,186.0
test_run,470,0.2935297089565312,0.03225806451612903,0.8924731182795699,2007.7635250871454,186.0
test_run,471,0.28340189670220517,0.03763440860215054,0.8387096774193549,1995.9151883181278,186.0
test_run,472,0.27152613629747857,0.04838709677419355,0.8494623655913979,1985.1159860481032,186.0
test_run,473,0.2745234581414755,0.010752688172043012,0.8817204301075269,1994.6762269835058,186.0
test_run,474,0.2777747860287423,0.021505376344086023,0.8763440860215054,2006.284278365867,186.0
test_run,475,0.2886238959127301,0.016129032258064516,0.8924731182795699,2011.6580453200982,186.0
test_run,476,0.2864364800835799,0.04838709677419355,0.8763440860215054,1986.2876738572968,186.0
test_run,477,0.29081407780700563,0.03225806451612903,0.8870967741935484,1996.8845770319567,186.0
test_run,478,0.27899203035299114,0.016129032258064516,0.9086021505376344,1967.3472929495267,186.0
test_run,479,0.2614980247939076,0.03763440860215054,0.8333333333333334,1939.5849551045444,186.0
test_run,480,0.2782311695153077,0.010752688172043012,0.8709677419354839,1995.886636756781,186.0
test_run,481,0.30356249174549066,0.03225806451612903,0.8279569892473119,2049.000389645016,186.0
test_run,482,0.31040402125847666,0.03225806451612903,0.8548387096774194,2072.696170743003,186.0
test_run,483,0.30781873135227644,0.03225806451612903,0.8548387096774194,2051.9297112784584,186.0
test_run,484,0.29981990291373894,0.03225806451612903,0.9193548387096774,2011.3392570786027,186.0
test_run,485,0.3055087787843984,0.016129032258064516,0.8924731182795699,2019.581977894197,186.0
test_run,486,0.2855590092800131,0.026881720430107527,0.8870967741935484,1992.235139936428,186.0
test_run,487,0.29089587351298674,0.010752688172043012,0.9032258064516129,1994.6386819004563,186.0
test_run,488,0.29440642096095604,0.021505376344086023,0.9032258064516129,1997.0352477088124,186.0
test_run,489,0.29337463639424066,0.026881720430107527,0.8817204301075269,1990.2025316737402,186.0
test_run,490,0.29367181486577243,0.016129032258064516,0.9032258064516129,1999.9229146495645,186.0
test_run,491,0.2996705825555621,0.03763440860215054,0.8709677419354839,2018.0716399661412,186.0
test_run,492,0.2907292759539881,0.026881720430107527,0.8655913978494624,2013.0835164944444,186.0
test_run,493,0.2894344777745539,0.026881720430107527,0.8548387096774194,2020.278119313184,186.0
test_run,494,0.29701098659955205,0.04838709677419355,0.8602150537634409,2004.1595202751062,186.0
test_run,495,0.3049055822157358,0.04838709677419355,0.8333333333333334,2040.990132996914,186.0
test_run,496,0.3018517916923973,0.053763440860215055,0.8118279569892473,2044.502932677032,186.0
test_run,497,0.29864205652384723,0.026881720430107527,0.8548387096774194,2023.9202824700178,186.0
test_run,498,0.3135370314182715,0.03763440860215054,0.8333333333333334,2066.782358285831,186.0
test_run,499,0.30951077000564164,0.021505376344086023,0.8279569892473119,2071.5929722449137,186.0
test_run,500,0.29730550363502406,0.0,0.8763440860215054,2042.8280856967663,186.0
test_run,501,0.31397643323405,0.0,0.8387096774193549,2068.7289923014,186.0
test_run,502,0.32617922383974496,0.0,0.8387096774193549,2106.968737385466,186.0
test_run,503,0.3198048162039635,0.0,0.8655913978494624,2084.7755595221865,186.0
test_run,504,0.28640890380799533,0.0,0.8225806451612904,1994.3691932811632,186.0
test_run,505,0.28274494950208706,0.1881720430107527,0.6666666666666666,2032.5417414919118,186.0
test_run,506,0.2703831081844008,0.22043010752688172,0.5752688172043011,2037.097346119818,186.0
test_run,507,0.2651374044388173,0.1989247311827957,0.5806451612903226,2055.36540898207,186.0
test_run,508,0.25829295430044685,0.24731182795698925,0.543010752688172,2024.7289550173452,186.0
test_run,509,0.2611661986032927,0.23655913978494625,0.4946236559139785,2016.4213684213255,186.0
test_run,510,0.2579241664450562,0.1827956989247312,0.5591397849462365,1980.369285983659,186.0
test_run,511,0.25983637869101583,0.0,0.510752688172043,1947.4494739343381,186.0
test_run,512,0.2518290426571461,0.22043010752688172,0.4731182795698925,1940.3015478903612,186.0
test_run,513,0.24927781685830297,0.24731182795698925,0.44086021505376344,1948.460121559839,186.0
test_run,514,0.24410881631446935,0.22580645161290322,0.478494623655914,1948.4136154742666,186.0
test_run,515,0.2349864029542088,0.22043010752688172,0.43010752688172044,1950.2590847572037,186.0
test_run,516,0.24162658157360628,0.24731182795698925,0.5376344086021505,1972.709877098578,186.0
test_run,517,0.24637190629942873,0.22043010752688172,0.5376344086021505,1951.6108002497244,186.0
test_run,518,0.2422303559195529,0.21505376344086022,0.5376344086021505,1929.2198197338146,186.0
test_run,519,0.2409147772065665,0.23655913978494625,0.532258064516129,1928.6225652574115,186.0
test_run,520,0.2472731144886462,0.23118279569892472,0.5483870967741935,1951.8442100656857,186.0
test_run,521,0.2578242140473843,0.23118279569892472,0.532258064516129,1963.3334082345887,186.0
test_run,522,0.2535634385561827,0.22580645161290322,0.4946236559139785,1965.1050243028792,186.0
test_run,523,0.2565718287284562,0.20430107526881722,0.5161290322580645,1976.3296968641905,186.0
test_run,524,0.26709414883899285,0.25405405405405407,0.4918918918918919,1992.6882975475264,185.0
test_run,525,0.2675244065644298,0.23243243243243245,0.5135135135135135,1960.195403237886,185.0
test_run,526,0.26579201973812827,0.24864864864864866,0.5243243243243243,1962.7567161953284,185.0
test_run,527,0.26384175779483554,0.2702702702702703,0.5027027027027027,1976.7464504403124,185.0
test_run,528,0.2642804157941765,0.2864864864864865,0.4540540540540541,1986.165393543168,185.0
test_run,529,0.2744719494433083,0.1891891891891892,0.518918918918919,2029.9348891580032,185.0
test_run,530,0.2670464855581953,0.24864864864864866,0.43243243243243246,2037.0428555036383,185.0
test_run,531,0.2712705046754089,0.21621621621621623,0.43783783783783786,2055.605477910366,185.0
test_run,532,0.26984776214428297,0.22702702702702704,0.3567567567567568,2046.8610227581285,185.0
test_run,533,0.2617371749300277,0.20540540540540542,0.34594594594594597,2012.533897245334,185.0
test_run,534,0.2567307182266856,0.2,0.32432432432432434,2001.0931404576463,185.0
test_run,535,0.25111947675731194,0.17297297297297298,0.32972972972972975,1980.8426899109731,185.0
test_run,536,0.23886199479559056,0.2,0.2810810810810811,1942.970963533701,185.0
test_run,537,0.24299616644492028,0.1945945945945946,0.2864864864864865,1957.0226066468097,185.0
test_run,538,0.2488608556793266,0.22702702702702704,0.2702702702702703,1979.8049382441432,185.0
test_run,539,0.25353076346259473,0.21621621621621623,0.3081081081081081,2002.2100260049694,185.0
test_run,540,0.25375688176045075,0.20540540540540542,0.3081081081081081,1987.015241416512,185.0
test_run,541,0.2592751021347752,0.23783783783783785,0.32972972972972975,1982.3832765734273,185.0
test_run,542,0.2587217013959875,0.21621621621621623,0.34594594594594597,1965.8147850618368,185.0
test_run,543,0.24987246944377017,0.21081081081081082,0.34594594594594597,1962.5966604773141,185.0
test_run,544,0.23873303240390387,0.16756756756756758,0.3567567567567568,1951.9882425032263,185.0
test_run,545,0.2410104159381372,0.20540540540540542,0.3027027027027027,1946.1829105276674,185.0
test_run,546,0.23017432469214882,0.17297297297297298,0.3027027027027027,1928.1143854682314,185.0
test_run,547,0.23574474064921747,0.15135135135135136,0.3027027027027027,1943.5251704963923,185.0
test_run,548,0.24341867175443688,0.1891891891891892,0.23783783783783785,1933.7906723663245,185.0
test_run,549,0.24285644830171815,0.22702702702702704,0.2756756756756757,1924.937251245632,185.0
test_run,550,0.24584458611590043,0.2702702702702703,0.2702702702702703,1940.9590356045112,185.0
test_run,551,0.23868783690774253,0.23783783783783785,0.32432432432432434,1952.7193190943515,185.0
test_run,552,0.23934947686639707,0.22702702702702704,0.31351351351351353,1955.041021627806,185.0
test_run,553,0.24116291641030907,0.1945945945945946,0.3945945945945946,1927.0133002383814,185.0
test_run,554,0.24457789122995655,0.20540540540540542,0.3675675675675676,1934.0454639351092,185.0
test_run,555,0.24125288840150927,0.20540540540540542,0.3837837837837838,1924.663981941553,185.0
test_run,556,0.23663674705103888,0.21081081081081082,0.40540540540540543,1919.0919523365799,185.0
test_run,557,0.23348502458160159,0.23783783783783785,0.3891891891891892,1917.9566790194276,185.0
test_run,558,0.234063782816738,0.2594594594594595,0.3567567567567568,1928.8048324287954,185.0
test_run,559,0.23875451964757133,0.22162162162162163,0.3567567567567568,1959.3197193867259,185.0
test_run,560,0.24335876952720303,0.22702702702702704,0.32432432432432434,1993.007370034147,185.0
test_run,561,0.23485799408590657,0.23783783783783785,0.3027027027027027,1979.4613959935323,185.0
test_run,562,0.2356297560275986,0.1783783783783784,0.31351351351351353,1979.8273353600996,185.0
test_run,563,0.23994673362907215,0.24864864864864866,0.2864864864864865,1981.1275140833427,185.0
test_run,564,0.23296549606659878,0.1945945945945946,0.34594594594594597,1964.2034472933217,185.0
test_run,565,0.22136112153877185,0.1945945945945946,0.3783783783783784,1962.0094469373714,185.0
test_run,566,0.22868037055898194,0.15675675675675677,0.3621621621621622,1960.4436731671105,185.0
test_run,567,0.22943550886175323,0.21621621621621623,0.3675675675675676,1950.951219067314,185.0
test_run,568,0.23227934934260475,0.23783783783783785,0.35135135135135137,1940.0498237975612,185.0
test_run,569,0.2297464939038696,0.1945945945945946,0.34054054054054056,1944.9014236788553,185.0
test_run,570,0.22961158673552684,0.22162162162162163,0.35135135135135137,1915.9868378106214,185.0
test_run,571,0.2302556334826844,0.24324324324324326,0.31891891891891894,1944.2208813049535,185.0
test_run,572,0.23982062639424906,0.21081081081081082,0.32432432432432434,1981.9091647421717,185.0
test_run,573,0.24069021877925745,0.1945945945945946,0.3783783783783784,2002.7580661643283,185.0
test_run,574,0.2549399498360747,0.21621621621621623,0.31891891891891894,1995.8870760729972,185.0
test_run,575,0.2494114989869609,0.21621621621621623,0.35135135135135137,1985.3544820321667,185.0
test_run,576,0.24528616576390005,0.2702702702702703,0.33513513513513515,1920.9112989858622,185.0
test_run,577,0.2491553820751089,0.23243243243243245,0.35135135135135137,1942.7309196417298,185.0
test_run,578,0.24359793105522565,0.2972972972972973,0.31891891891891894,1957.3264318847398,185.0
test_run,579,0.2322691408474491,0.25405405405405407,0.3567567567567568,1927.8464946634285,185.0
test_run,580,0.2261095864850644,0.1891891891891892,0.3675675675675676,1914.822589050937,185.0
test_run,581,0.23211210548604932,0.24324324324324326,0.3567567567567568,1946.058984577087,185.0
test_run,582,0.2308233666417785,0.1891891891891892,0.3837837837837838,1927.095999475028,185.0
test_run,583,0.23200762467710367,0.23243243243243245,0.3621621621621622,1909.5685086526305,185.0
test_run,584,0.22948004031796043,0.24864864864864866,0.33513513513513515,1932.4220907736521,185.0
test_run,585,0.22805291033920772,0.23243243243243245,0.3621621621621622,1932.852681292607,185.0
test_run,586,0.22851542700425376,0.2648648648648649,0.3891891891891892,1941.8260771906384,185.0
test_run,587,0.23174648743449944,0.24864864864864866,0.3567567567567568,1946.7260619484496,185.0
test_run,588,0.2314909425942735,0.25405405405405407,0.3945945945945946,1939.258425533052,185.0
test_run,589,0.24380661340047105,0.24324324324324326,0.3837837837837838,1930.9183403136321,185.0
test_run,590,0.24812831343416653,0.24324324324324326,0.3783783783783784,1928.0789535357594,185.0
test_run,591,0.24090490063773884,0.25405405405405407,0.3567567567567568,1930.7516933572695,185.0
test_run,592,0.2417008352669232,0.23783783783783785,0.3783783783783784,1931.6856624988393,185.0
test_run,593,0.24266112214143942,0.24864864864864866,0.372972972972973,1927.6651111658402,185.0
test_run,594,0.2470692038331599,0.24324324324324326,0.3621621621621622,1922.682688344425,185.0
test_run,595,0.24349735559432695,0.23243243243243245,0.3945945945945946,1923.8428493865777,185.0
test_run,596,0.23748283673847648,0.22162162162162163,0.3783783783783784,1904.8677107653748,185.0
test_run,597,0.2443040937228631,0.2,0.3837837837837838,1918.6153894783765,185.0
test_run,598,0.23968918861849042,0.2594594594594595,0.3567567567567568,1906.4105452296362,185.0
test_run,599,0.23655587481571327,0.23783783783783785,0.34054054054054056,1867.8305611760186,185.0
test_run,600,0.23642249296176665,0.22702702702702704,0.34054054054054056,1865.8047340358937,185.0
test_run,601,0.2467837163002118,0.22702702702702704,0.372972972972973,1897.2996786147567,185.0
test_run,602,0.2396785607158849,0.22162162162162163,0.3621621621621622,1874.398326911119,185.0
test_run,603,0.23768778393905632,0.22702702702702704,0.32972972972972975,1885.725991116163,185.0
test_run,604,0.2397852841127035,0.23243243243243245,0.31891891891891894,1918.1715348446344,185.0
test_run,605,0.23295491349953634,0.20540540540540542,0.32972972972972975,1904.3611817473372,185.0
test_run,606,0.24041027863287479,0.17297297297297298,0.3567567567567568,1907.7864577131743,185.0
test_run,607,0.23694351517679335,0.22702702702702704,0.31351351351351353,1898.541042029918,185.0
test_run,608,0.23076520183658,0.21621621621621623,0.34594594594594597,1906.5785811187147,185.0
test_run,609,0.22561532274626983,0.22162162162162163,0.3567567567567568,1932.2583595243523,185.0
test_run,610,0.22717796485377106,0.23243243243243245,0.3783783783783784,1937.6039839135829,185.0
test_run,611,0.22787590042710248,0.23243243243243245,0.372972972972973,1953.3381918795894,185.0
test_run,612,0.2266523916766916,0.22702702702702704,0.3837837837837838,1963.6051656970615,185.0
test_run,613,0.2364682870514101,0.24864864864864866,0.3783783783783784,1991.3280632393485,185.0
test_run,614,0.2341774620743835,0.2810810810810811,0.372972972972973,1964.4272152103356,185.0
test_run,615,0.22918336004754813,0.2594594594594595,0.3567567567567568,1962.8149418283908,185.0
test_run,616,0.23754008898798018,0.24864864864864866,0.34594594594594597,1974.11710402906,185.0
test_run,617,0.23698688119264433,0.24864864864864866,0.372972972972973,1978.7449181294255,185.0
test_run,618,0.23945242215596596,0.24324324324324326,0.3621621621621622,1977.9654308261381,185.0
test_run,619,0.23438592187312368,0.1783783783783784,0.41081081081081083,1938.5263582582822,185.0
test_run,620,0.22678742942332786,0.21621621621621623,0.3783783783783784,1922.3622333408136,185.0
test_run,621,0.22918409594202394,0.21621621621621623,0.33513513513513515,1931.8814098479388,185.0
test_run,622,0.2356464534295435,0.21621621621621623,0.32432432432432434,1984.932195229944,185.0
test_run,623,0.24537426063803536,0.2,0.35135135135135137,1971.1278365934797,185.0
test_run,624,0.2445423637909292,0.24864864864864866,0.33513513513513515,1960.9601641416934,185.0
test_run,625,0.25577719962519585,0.25405405405405407,0.32972972972972975,2001.5045892828493,185.0
test_run,626,0.26542858205818454,0.23783783783783785,0.3567567567567568,2005.752221504003,185.0
test_run,627,0.2558747425949748,0.22702702702702704,0.3837837837837838,1975.9563031588511,185.0
test_run,628,0.24992875002799497,0.2756756756756757,0.31351351351351353,1989.4724001738225,185.0
test_run,629,0.25724574550552015,0.22702702702702704,0.3621621621621622,2030.3087508447625,185.0
test_run,630,0.24629079619941763,0.20540540540540542,0.3945945945945946,2002.8457916139316,185.0
test_run,631,0.24665187732973481,0.21621621621621623,0.32972972972972975,2001.802052737365,185.0
test_run,632,0.24840000669148443,0.2,0.34594594594594597,1980.2900188035585,185.0
test_run,633,0.258575475936597,0.1783783783783784,0.3783783783783784,1960.5866927406632,185.0
test_run,634,0.2520635820260013,0.20540540540540542,0.31351351351351353,1957.6399111648484,185.0
test_run,635,0.2460560085829222,0.20540540540540542,0.2810810810810811,1934.1334278858808,185.0
test_run,636,0.2420904770519816,0.21081081081081082,0.2972972972972973,1906.1629993907175,185.0
test_run,637,0.24093412706132966,0.22702702702702704,0.31891891891891894,1902.5482296747603,185.0
test_run,638,0.24909023469837455,0.21621621621621623,0.2702702702702703,1961.0424532206957,185.0
test_run,639,0.2497717438639775,0.22702702702702704,0.3081081081081081,1946.2285508058485,185.0
test_run,640,0.25339992631832664,0.24324324324324326,0.2972972972972973,1949.5856612158352,185.0
test_run,641,0.2583047463897201,0.21621621621621623,0.31351351351351353,1955.7110678421443,185.0
test_run,642,0.2618023824097644,0.22162162162162163,0.34054054054054056,1972.3282562934035,185.0
test_run,643,0.2604030116459468,0.17297297297297298,0.34054054054054056,1972.8139029349588,185.0
test_run,644,0.265405260389628,0.22702702702702704,0.32972972972972975,1981.745279767921,185.0
test_run,645,0.25441446680065716,0.2756756756756757,0.3081081081081081,1976.472019466507,185.0
test_run,646,0.26355883316596396,0.2594594594594595,0.2972972972972973,2017.3052036663994,185.0
test_run,647,0.2564416664841416,0.2,0.32432432432432434,1988.547607566618,185.0
test_run,648,0.25897339558287125,0.22702702702702704,0.2972972972972973,1997.4215229740337,185.0
test_run,649,0.261317426071658,0.22702702702702704,0.2864864864864865,1997.4742714866884,185.0
test_run,650,0.2578879289738807,0.22702702702702704,0.3027027027027027,1959.6791989318347,185.0
test_run,651,0.2594262825927818,0.21621621621621623,0.3081081081081081,1962.8995114301783,185.0
test_run,652,0.2558864013973088,0.21621621621621623,0.2648648648648649,1948.0658926821902,185.0
test_run,653,0.24997116034001854,0.23243243243243245,0.3027027027027027,1931.5628065894812,185.0
test_run,654,0.2467250116085462,0.20540540540540542,0.31351351351351353,1931.5254601192823,185.0
test_run,655,0.24747068545291473,0.23243243243243245,0.2972972972972973,1928.2198800091132,185.0
test_run,656,0.25532008140484064,0.1891891891891892,0.2972972972972973,1918.6968488475911,185.0
test_run,657,0.2501201219674536,0.23783783783783785,0.2918918918918919,1904.9042909133104,185.0
test_run,658,0.2545660078040861,0.21621621621621623,0.3027027027027027,1926.5856203697047,185.0
test_run,659,0.25408224027283177,0.23243243243243245,0.32972972972972975,1913.6089292764013,185.0
test_run,660,0.24607997198784637,0.24864864864864866,0.32972972972972975,1914.1284524188943,185.0
test_run,661,0.24070755082519235,0.2648648648648649,0.33513513513513515,1910.750408613173,185.0
test_run,662,0.24161470334540902,0.24864864864864866,0.32432432432432434,1929.3673659749466,185.0
test_run,663,0.24233385928240025,0.2594594594594595,0.3567567567567568,1897.5786821281743,185.0
test_run,664,0.2342660902235083,0.32972972972972975,0.32432432432432434,1894.92253817945,185.0
test_run,665,0.23632896212323007,0.22282608695652173,0.29891304347826086,1894.228784393441,184.0
test_run,666,0.23935464183202626,0.22826086956521738,0.33152173913043476,1904.0043455095356,184.0
test_run,667,0.23861331283404308,0.266304347826087,0.34782608695652173,1898.5266059348871,184.0
test_run,668,0.23956204287366645,0.24456521739130435,0.30978260869565216,1903.1347746511458,184.0
test_run,669,0.23869287459091204,0.21195652173913043,0.375,1900.8270383823274,184.0
test_run,670,0.23091257252859587,0.273224043715847,0.36065573770491804,1903.7462964645456,183.0
test_run,671,0.23464756256613706,0.2568306010928962,0.3825136612021858,1923.3140494945687,183.0
test_run,672,0.23624446102536112,0.22950819672131148,0.39344262295081966,1938.1244521243852,183.0
test_run,673,0.23346880842900086,0.2677595628415301,0.37158469945355194,1927.0353214200288,183.0
test_run,674,0.24035535067429947,0.24043715846994534,0.3551912568306011,1929.8707909091559,183.0
test_run,675,0.23855608387014993,0.2185792349726776,0.3770491803278688,1905.685465506966,183.0
test_run,676,0.23398851096551687,0.25136612021857924,0.32786885245901637,1898.9589099132154,183.0
test_run,677,0.23378944309840488,0.21311475409836064,0.28415300546448086,1928.7990077500801,183.0
test_run,678,0.24102492730316283,0.21311475409836064,0.3333333333333333,1942.5082179354733,183.0
test_run,679,0.24901644643413356,0.2459016393442623,0.2786885245901639,1969.9339110837611,183.0
test_run,680,0.2449622182479545,0.23497267759562843,0.2786885245901639,1965.7963886288874,183.0
test_run,681,0.25567964650403496,0.2185792349726776,0.3114754098360656,1996.5155495298854,183.0
test_run,682,0.25320900088068155,0.2459016393442623,0.2786885245901639,1983.0821948798884,183.0
test_run,683,0.25548499388736223,0.2568306010928962,0.3005464480874317,1970.4906495823384,183.0
test_run,684,0.25012550174301995,0.20218579234972678,0.30601092896174864,1952.2655147407013,183.0
test_run,685,0.24342751301702692,0.2568306010928962,0.2677595628415301,1946.4085049540518,183.0
test_run,686,0.23570519648145893,0.28415300546448086,0.32786885245901637,1926.803575685123,183.0
test_run,687,0.24730461902344558,0.2185792349726776,0.3770491803278688,1922.4235325182406,183.0
test_run,688,0.24381786929730143,0.22404371584699453,0.3770491803278688,1908.0989863047234,183.0
test_run,689,0.24602856191426925,0.2568306010928962,0.34972677595628415,1905.69551749992,183.0
test_run,690,0.2500164141734733,0.22404371584699453,0.36065573770491804,1905.9751383757316,183.0
test_run,691,0.2486647039237433,0.2185792349726776,0.3114754098360656,1911.9637286228376,183.0
test_run,692,0.25628504998286883,0.24043715846994534,0.30601092896174864,1925.0589772369885,183.0
test_run,693,0.2564036887102126,0.23497267759562843,0.2677595628415301,1934.9467206524948,183.0
test_run,694,0.2408062680720251,0.22950819672131148,0.26229508196721313,1928.777910017582,183.0
test_run,695,0.23904569139634368,0.22950819672131148,0.29508196721311475,1942.8602700980755,183.0
test_run,696,0.24926975662885198,0.20765027322404372,0.33879781420765026,1948.8881750782725,183.0
test_run,697,0.23650588809704898,0.1912568306010929,0.34972677595628415,1932.9650083023148,183.0
test_run,698,0.24033827903275817,0.19672131147540983,0.3551912568306011,1927.2714477333207,183.0
test_run,699,0.23970509176437993,0.2185792349726776,0.36065573770491804,1937.7331152438317,183.0
test_run,700,0.23955221098143364,0.22950819672131148,0.33879781420765026,1935.6059247063504,183.0
test_run,701,0.243136800795416,0.22404371584699453,0.34972677595628415,1947.7244364104674,183.0
test_run,702,0.2480863833651441,0.20765027322404372,0.3114754098360656,1951.6972139461848,183.0
test_run,703,0.2553718425561007,0.19672131147540983,0.3333333333333333,1945.3120608931072,183.0
test_run,704,0.25069283827641375,0.2568306010928962,0.3442622950819672,1959.5769355340171,183.0
test_run,705,0.25470639110828075,0.2459016393442623,0.3333333333333333,1988.586174130504,183.0
test_run,706,0.2543243229797916,0.22404371584699453,0.32786885245901637,1973.0560734694295,183.0
test_run,707,0.2547674435878913,0.25136612021857924,0.366120218579235,1954.791241085876,183.0
test_run,708,0.24698372227117615,0.2568306010928962,0.33879781420765026,1967.6395436274606,183.0
test_run,709,0.2514503626977693,0.22950819672131148,0.34972677595628415,1957.1786229310271,183.0
test_run,710,0.2554876620343647,0.22404371584699453,0.3770491803278688,1956.114146982967,183.0
test_run,711,0.25145416790839326,0.25136612021857924,0.33879781420765026,1952.823164675896,183.0
test_run,712,0.2580656665045735,0.2185792349726776,0.4098360655737705,1970.4285545789921,183.0
test_run,713,0.25702178153939714,0.2459016393442623,0.33879781420765026,1966.6608868002127,183.0
test_run,714,0.26862703066030647,0.21311475409836064,0.36065573770491804,1989.234182368502,183.0
test_run,715,0.2637654789303856,0.2185792349726776,0.3770491803278688,1941.0146865479335,183.0
test_run,716,0.2514108025632058,0.25136612021857924,0.34972677595628415,1909.434787722448,183.0
test_run,717,0.25691758027718925,0.22404371584699453,0.3333333333333333,1927.8899814042716,183.0
test_run,718,0.2632202404789745,0.21311475409836064,0.33879781420765026,1963.4890730600007,183.0
test_run,719,0.26052127523282387,0.22950819672131148,0.34972677595628415,1978.6068042409745,183.0
test_run,720,0.2590818304974105,0.22950819672131148,0.3825136612021858,1950.0252416911044,183.0
test_run,721,0.26175350164322375,0.19672131147540983,0.3989071038251366,1949.0033488202275,183.0
test_run,722,0.25583174467908854,0.24043715846994534,0.39344262295081966,1942.5184886020297,183.0
test_run,723,0.24622816130243685,0.22404371584699453,0.3989071038251366,1925.2566134365034,183.0
test_run,724,0.23845190145543982,0.2185792349726776,0.3989071038251366,1932.254232415619,183.0
test_run,725,0.22808145149023917,0.26229508196721313,0.33879781420765026,1943.2211556984635,183.0
test_run,726,0.2338913160930307,0.20765027322404372,0.36065573770491804,1971.0147860149061,183.0
test_run,727,0.23673327014658518,0.20218579234972678,0.34972677595628415,1958.407553134819,183.0
test_run,728,0.24226358303763607,0.23497267759562843,0.29508196721311475,1962.6000620097514,183.0
test_run,729,0.24282944426238706,0.21311475409836064,0.3224043715846995,1943.0249554900397,183.0
test_run,730,0.24034944744600217,0.2459016393442623,0.2896174863387978,1928.0934993808603,183.0
test_run,731,0.23605909155384097,0.2185792349726776,0.2896174863387978,1930.9045906401823,183.0
test_run,732,0.22577053559987337,0.19672131147540983,0.2896174863387978,1927.212590341636,183.0
test_run,733,0.23290975652961698,0.18032786885245902,0.28415300546448086,1949.1559576083878,183.0
test_run,734,0.23514455381527588,0.2185792349726776,0.26229508196721313,1947.2799233096237,183.0
test_run,735,0.24174073242105698,0.24043715846994534,0.32786885245901637,1951.1750351595203,183.0
test_run,736,0.24623326592243755,0.24043715846994534,0.36065573770491804,1956.412313086811,183.0
test_run,737,0.24970823257156605,0.26229508196721313,0.3879781420765027,1957.2640835969144,183.0
test_run,738,0.24762760233180936,0.2786885245901639,0.3770491803278688,1940.9036668268996,183.0
test_run,739,0.24597690614429024,0.22404371584699453,0.3879781420765027,1964.9247434390747,183.0
test_run,740,0.24722768212032453,0.18579234972677597,0.366120218579235,1967.9167677255377,183.0
test_run,741,0.24395476040517505,0.20218579234972678,0.3770491803278688,1991.651174213081,183.0
test_run,742,0.2463624465449037,0.2185792349726776,0.30601092896174864,2000.4290579908798,183.0
test_run,743,0.24342417820385376,0.20765027322404372,0.3114754098360656,1987.7603139144876,183.0
test_run,744,0.25171341221104826,0.21311475409836064,0.3333333333333333,2006.0710797206336,183.0
test_run,745,0.24410431039405545,0.21311475409836064,0.34972677595628415,2023.061576117288,183.0
test_run,746,0.2527500855262643,0.2185792349726776,0.3114754098360656,2012.9453545472215,183.0
test_run,747,0.25342972423123644,0.25136612021857924,0.3224043715846995,2014.0280989735,183.0
test_run,748,0.24851052539123675,0.20765027322404372,0.36065573770491804,2031.0605256742945,183.0
test_run,749,0.24291232927098316,0.2459016393442623,0.32786885245901637,1998.090095336088,183.0
test_run,750,0.23190955063542562,0.21311475409836064,0.33879781420765026,1947.8913554211583,183.0
test_run,751,0.23305182078280517,0.2459016393442623,0.3333333333333333,1937.9804317090952,183.0
test_run,752,0.2329251790131246,0.22950819672131148,0.3551912568306011,1953.5369278130975,183.0
test_run,753,0.22193077415263884,0.19672131147540983,0.3551912568306011,1924.7164171558186,183.0
test_run,754,0.23215567741079313,0.22404371584699453,0.4207650273224044,1966.0561909612063,183.0
test_run,755,0.24098715268319104,0.2185792349726776,0.366120218579235,1961.316509847366,183.0
test_run,756,0.24266913059805328,0.22404371584699453,0.366120218579235,1965.1439821085585,183.0
test_run,757,0.24666013112921514,0.19672131147540983,0.39344262295081966,1966.8090215053294,183.0
test_run,758,0.2421780292014295,0.23497267759562843,0.34972677595628415,1964.1274587392409,183.0
test_run,759,0.24132711821215969,0.22404371584699453,0.34972677595628415,1944.004919433681,183.0
test_run,760,0.23862162864243497,0.22950819672131148,0.31693989071038253,1954.954203386214,183.0
test_run,761,0.23769033853850519,0.20765027322404372,0.3005464480874317,1923.3687478093136,183.0
test_run,762,0.24251820536365787,0.22950819672131148,0.2896174863387978,1957.1699569620398,183.0
test_run,763,0.2395052320846931,0.22950819672131148,0.2896174863387978,1966.9152871507943,183.0
test_run,764,0.2353458567734834,0.23497267759562843,0.2786885245901639,1967.4921645270833,183.0
test_run,765,0.23493609749206845,0.2185792349726776,0.2896174863387978,1952.1843273721959,183.0
test_run,766,0.2378103944327863,0.25136612021857924,0.28415300546448086,1953.4252488114848,183.0
test_run,767,0.23238982547260267,0.21311475409836064,0.33879781420765026,1935.7011222996955,183.0
test_run,768,0.23359424742385415,0.22950819672131148,0.32786885245901637,1920.8498675414364,183.0
test_run,769,0.24210141190285706,0.23497267759562843,0.33879781420765026,1936.6054945854692,183.0
test_run,770,0.23951353736279324,0.24043715846994534,0.37158469945355194,1943.502848812746,183.0
test_run,771,0.24218307247113313,0.20765027322404372,0.3825136612021858,1954.0288651161086,183.0
test_run,772,0.2517736665689585,0.20218579234972678,0.3879781420765027,1961.3902994486903,183.0
test_run,773,0.2521718535070303,0.2786885245901639,0.39344262295081966,2006.0771151615759,183.0
test_run,774,0.2509453775033199,0.2568306010928962,0.39344262295081966,1986.9953894734379,183.0
test_run,775,0.25747701369626785,0.2459016393442623,0.3224043715846995,2008.4889888182092,183.0
test_run,776,0.2525849247198948,0.22404371584699453,0.36065573770491804,1993.239276059445,183.0
test_run,777,0.24939797062698,0.22404371584699453,0.33879781420765026,1996.8718158025538,183.0
test_run,778,0.24465298396061086,0.16393442622950818,0.37158469945355194,1999.863875691972,183.0
test_run,779,0.24846523118810593,0.20765027322404372,0.32786885245901637,2022.0954649284597,183.0
test_run,780,0.2474174010778749,0.20218579234972678,0.3770491803278688,2009.4740137292122,183.0
test_run,781,0.2523721740040703,0.25136612021857924,0.30601092896174864,2014.3896453023476,183.0
test_run,782,0.258745602437517,0.1912568306010929,0.31693989071038253,2011.0283640394605,183.0
test_run,783,0.25377385093745297,0.21311475409836064,0.28415300546448086,1985.2212985408391,183.0
test_run,784,0.2497195760453652,0.22950819672131148,0.3005464480874317,1966.1112815794424,183.0
test_run,785,0.2527013174715542,0.26229508196721313,0.2786885245901639,1954.538458559816,183.0
test_run,786,0.2475739166614197,0.20218579234972678,0.2786885245901639,1931.9829528039822,183.0
test_run,787,0.2408753091775464,0.21311475409836064,0.29508196721311475,1933.1115967379205,183.0
test_run,788,0.250966500183353,0.19672131147540983,0.31693989071038253,1965.001317687651,183.0
test_run,789,0.2623627352109903,0.18032786885245902,0.31693989071038253,1977.4276021247501,183.0
test_run,790,0.25432106427450396,0.26229508196721313,0.3114754098360656,1974.2182411582432,183.0
test_run,791,0.24456726272676388,0.25136612021857924,0.3114754098360656,1930.8150137765745,183.0
test_run,792,0.2484572450386855,0.2185792349726776,0.3333333333333333,1945.4419999488043,183.0
test_run,793,0.24784995400499832,0.22404371584699453,0.30601092896174864,1964.909973425513,183.0
test_run,794,0.251165576933146,0.21311475409836064,0.36065573770491804,1984.3874558421544,183.0
test_run,795,0.2576524963607698,0.18579234972677597,0.32786885245901637,1991.8039418395308,183.0
test_run,796,0.2611856516523987,0.22950819672131148,0.3114754098360656,1989.8279586530493,183.0
test_run,797,0.25630343874297945,0.3114754098360656,0.2896174863387978,2018.0872354958478,183.0
test_run,798,0.2551798867768007,0.2786885245901639,0.3114754098360656,1984.4257756968063,183.0
test_run,799,0.2511767155515152,0.2677595628415301,0.3224043715846995,1977.652741364003,183.0
test_run,800,0.25084627681807525,0.25136612021857924,0.36065573770491804,2007.8773934931676,183.0
test_run,801,0.2472496395428767,0.25136612021857924,0.3879781420765027,2001.7964689368096,183.0
test_run,802,0.2351156409091446,0.2677595628415301,0.36065573770491804,1984.2149352867978,183.0
test_run,803,0.23312907230112168,0.28415300546448086,0.34972677595628415,1952.8213755578709,183.0
test_run,804,0.23694847876754865,0.2677595628415301,0.31693989071038253,1950.6553912213874,183.0
test_run,805,0.23114621651431255,0.24043715846994534,0.3551912568306011,1918.8346074698104,183.0
test_run,806,0.2385305162389555,0.24043715846994534,0.3442622950819672,1924.1849898748742,183.0
test_run,807,0.2385734356432685,0.25136612021857924,0.30601092896174864,1908.0280236399326,183.0
test_run,808,0.2423433619612465,0.273224043715847,0.3114754098360656,1919.424061119848,183.0
test_run,809,0.2515540388365616,0.24043715846994534,0.3442622950819672,1929.6462442192103,183.0
test_run,810,0.25244402797161913,0.26229508196721313,0.3333333333333333,1952.1291999947919,183.0
test_run,811,0.2597443920031588,0.2677595628415301,0.37158469945355194,1965.3472246902502,183.0
test_run,812,0.2578137367210156,0.2568306010928962,0.3989071038251366,1976.8082338947636,183.0
test_run,813,0.26705503294264843,0.2786885245901639,0.3989071038251366,1970.0008707062375,183.0
test_run,814,0.26063119983425453,0.2677595628415301,0.34972677595628415,1967.4667546628227,183.0
test_run,815,0.2587061004457727,0.21311475409836064,0.3551912568306011,1974.675243696011,183.0
test_run,816,0.25989533067955795,0.23497267759562843,0.3333333333333333,1949.7397284186463,183.0
test_run,817,0.25928924725059055,0.22950819672131148,0.31693989071038253,1960.5088636612863,183.0
test_run,818,0.24684542138865018,0.25136612021857924,0.3333333333333333,1946.1040283444702,183.0
test_run,819,0.25263284062648284,0.2185792349726776,0.3551912568306011,1963.012583144678,183.0
test_run,820,0.26358306461521686,0.2459016393442623,0.36065573770491804,1970.7231406264177,183.0
test_run,821,0.2673925861825912,0.2459016393442623,0.3114754098360656,1997.3423026236355,183.0
test_run,822,0.26485483790578135,0.23497267759562843,0.3442622950819672,1982.9101656945952,183.0
test_run,823,0.2693291297231186,0.22950819672131148,0.36065573770491804,1977.8149726303877,183.0
test_run,824,0.2754438160782833,0.25136612021857924,0.34972677595628415,1977.8056401085753,183.0
test_run,825,0.2672427500370762,0.2896174863387978,0.36065573770491804,1938.9704717114705,183.0
test_run,826,0.2676345996659,0.2459016393442623,0.3879781420765027,1954.0626892229895,183.0
test_run,827,0.2694392227318816,0.2459016393442623,0.3825136612021858,1959.4577423169064,183.0
test_run,828,0.269189258915592,0.2459016393442623,0.3825136612021858,1939.2849442116299,183.0
test_run,829,0.2700573641919404,0.23497267759562843,0.3770491803278688,1954.3604438367454,183.0
test_run,830,0.2660256457108512,0.2185792349726776,0.40437158469945356,1957.535916721328,183.0
test_run,831,0.2681358666874405,0.2459016393442623,0.3879781420765027,1966.15379463783,183.0
test_run,832,0.2672290506064714,0.24043715846994534,0.3770491803278688,1937.397810280669,183.0
test_run,833,0.26254073359371155,0.2568306010928962,0.3770491803278688,1929.406578611418,183.0
test_run,834,0.260319834366207,0.2459016393442623,0.33879781420765026,1915.6256458460055,183.0
test_run,835,0.2583704414694874,0.20765027322404372,0.36065573770491804,1918.2737116252536,183.0
test_run,836,0.2613588770465862,0.20765027322404372,0.36065573770491804,1926.4452686167997,183.0
test_run,837,0.2632074883339408,0.22950819672131148,0.33879781420765026,1955.5132093923326,183.0
test_run,838,0.2579284479284223,0.25136612021857924,0.33879781420765026,1929.8729729984157,183.0
test_run,839,0.2611893028902408,0.22950819672131148,0.32786885245901637,1940.2288010036243,183.0
test_run,840,0.2686109658667193,0.20765027322404372,0.31693989071038253,1948.3719562880972,183.0
test_run,841,0.2640383029883593,0.25136612021857924,0.3333333333333333,1922.3841518818401,183.0
test_run,842,0.2624946618916417,0.24043715846994534,0.3114754098360656,1933.0121360779142,183.0
test_run,843,0.26350154168034945,0.2185792349726776,0.31693989071038253,1942.126904203968,183.0
test_run,844,0.2642743294599774,0.2459016393442623,0.31693989071038253,1985.497724101559,183.0
test_run,845,0.2656559035382302,0.1912568306010929,0.3551912568306011,1983.5771344505374,183.0
test_run,846,0.26199783757116557,0.26229508196721313,0.3005464480874317,1959.6118583674956,183.0
test_run,847,0.26706005919024234,0.2185792349726776,0.29508196721311475,1942.8311464749813,183.0
test_run,848,0.26418207667231086,0.2185792349726776,0.30601092896174864,1919.0723336225908,183.0
test_run,849,0.25447004245204297,0.20218579234972678,0.29508196721311475,1897.8920734126082,183.0
test_run,850,0.24662947748125696,0.22950819672131148,0.273224043715847,1909.4503699134707,183.0
test_run,851,0.24021608624237922,0.21311475409836064,0.2896174863387978,1878.512463436115,183.0
test_run,852,0.236792358008852,0.20765027322404372,0.30601092896174864,1867.2909691994932,183.0
test_run,853,0.22810816490867247,0.20765027322404372,0.273224043715847,1859.1775920604996,183.0
test_run,854,0.23114724115435115,0.21311475409836064,0.273224043715847,1846.4450232467075,183.0
test_run,855,0.23291354930764063,0.17486338797814208,0.3114754098360656,1864.4502537480118,183.0
test_run,856,0.23662276833420215,0.25136612021857924,0.2896174863387978,1903.196765569737,183.0
test_run,857,0.24069987801600967,0.26229508196721313,0.3005464480874317,1946.0559117156856,183.0
test_run,858,0.235612117855305,0.25136612021857924,0.34972677595628415,1965.5917393474042,183.0
test_run,859,0.2419685800451834,0.22950819672131148,0.3770491803278688,1984.1387779979716,183.0
test_run,860,0.23975295061864643,0.21311475409836064,0.3825136612021858,1961.535907071002,183.0
test_run,861,0.2405931108653787,0.2568306010928962,0.34972677595628415,1951.597743187162,183.0
test_run,862,0.23912155240701694,0.2459016393442623,0.33879781420765026,1957.8914014048428,183.0
test_run,863,0.23505338316979207,0.25136612021857924,0.3551912568306011,1945.3416081975756,183.0
test_run,864,0.23931289420443358,0.24043715846994534,0.36065573770491804,1934.0321603577136,183.0
test_run,865,0.23337020345075477,0.2568306010928962,0.3333333333333333,1957.9653396657645,183.0
test_run,866,0.2369874866399082,0.2185792349726776,0.3442622950819672,1967.0375721420696,183.0
test_run,867,0.24324334848565354,0.23497267759562843,0.32786885245901637,1991.7009663473154,183.0
test_run,868,0.24824364551371159,0.25136612021857924,0.3224043715846995,1994.6651833689098,183.0
test_run,869,0.25187509861329804,0.22950819672131148,0.33879781420765026,1989.5148996948853,183.0
test_run,870,0.25358947120169506,0.22950819672131148,0.36065573770491804,1990.0638408663901,183.0
test_run,871,0.26160149613826844,0.2677595628415301,0.33879781420765026,2009.6689483632217,183.0
test_run,872,0.2593434773750629,0.25136612021857924,0.3442622950819672,2009.6053263341646,183.0
test_run,873,0.2647419817434127,0.2568306010928962,0.34972677595628415,2028.9822938582286,183.0
test_run,874,0.2651263700063111,0.24043715846994534,0.3333333333333333,2039.3777955464923,183.0
test_run,875,0.26061465464095424,0.21311475409836064,0.3770491803278688,2024.3599306301167,183.0
test_run,876,0.2603777616771905,0.22950819672131148,0.37158469945355194,1989.1749584219135,183.0
test_run,877,0.26700399277765374,0.2459016393442623,0.36065573770491804,2012.4144706729912,183.0
test_run,878,0.2635518032096813,0.26229508196721313,0.3224043715846995,1962.2455191890758,183.0
test_run,879,0.2630594978877552,0.20765027322404372,0.34972677595628415,1946.3209572047192,183.0
test_run,880,0.2652475090361106,0.20765027322404372,0.3114754098360656,1938.1485919662339,183.0
test_run,881,0.2603148594609339,0.22950819672131148,0.30601092896174864,1936.538102018356,183.0
test_run,882,0.2599802406741898,0.22404371584699453,0.3114754098360656,1974.9490826091665,183.0
test_run,883,0.2488588413366919,0.22404371584699453,0.273224043715847,1963.041594323536,183.0
test_run,884,0.2546750372257527,0.2568306010928962,0.2677595628415301,1977.8031922728576,183.0
test_run,885,0.2568789167878758,0.23497267759562843,0.3114754098360656,1965.0494485013182,183.0
test_run,886,0.24773609823332343,0.20765027322404372,0.23497267759562843,1939.076958887515,183.0
test_run,887,0.24290675672762307,0.23497267759562843,0.2568306010928962,1928.042508262377,183.0
test_run,888,0.2498573008657563,0.2185792349726776,0.28415300546448086,1967.5070663066006,183.0
test_run,889,0.25008754181698056,0.2568306010928962,0.2786885245901639,1953.0335304379348,183.0
test_run,890,0.24965133054835653,0.24043715846994534,0.34972677595628415,1950.8038563471332,183.0
test_run,891,0.2497602815297082,0.2459016393442623,0.32786885245901637,1970.9902040608001,183.0
test_run,892,0.2553141290333123,0.2568306010928962,0.33879781420765026,1965.52909293532,183.0
test_run,893,0.25312329223124497,0.24043715846994534,0.32786885245901637,1967.435896024389,183.0
test_run,894,0.24463969551759224,0.2459016393442623,0.3005464480874317,1945.699885002857,183.0
test_run,895,0.23846844716172133,0.19672131147540983,0.2896174863387978,1920.5000198999728,183.0
test_run,896,0.242763056398138,0.24043715846994534,0.32786885245901637,1934.2156598271356,183.0
test_run,897,0.23073292349994934,0.23497267759562843,0.32786885245901637,1906.6683049734322,183.0
test_run,898,0.23415754683711154,0.23497267759562843,0.3333333333333333,1894.5748015513689,183.0
test_run,899,0.23114232623203845,0.25136612021857924,0.36065573770491804,1897.0599613306376,183.0
test_run,900,0.22297018989024298,0.22950819672131148,0.3989071038251366,1915.0653410050509,183.0
test_run,901,0.2217381393469382,0.21311475409836064,0.36065573770491804,1937.690769516732,183.0
test_run,902,0.23680939493279096,0.19672131147540983,0.43169398907103823,1951.5398062021363,183.0
test_run,903,0.23490298259513742,0.21311475409836064,0.4098360655737705,1947.3083315049294,183.0
test_run,904,0.2296995066764269,0.21311475409836064,0.40437158469945356,1903.6330637823346,183.0
test_run,905,0.23989247611465836,0.20765027322404372,0.3825136612021858,1906.137178401706,183.0
test_run,906,0.23871513888813056,0.26229508196721313,0.3770491803278688,1921.833100747404,183.0
test_run,907,0.23501740807346994,0.2568306010928962,0.3825136612021858,1948.688547030567,183.0
test_run,908,0.2352067031744307,0.24043715846994534,0.3879781420765027,1934.3794918920812,183.0
test_run,909,0.23247903246131907,0.273224043715847,0.3442622950819672,1953.1598312516762,183.0
test_run,910,0.23843411114631619,0.23497267759562843,0.3770491803278688,1965.1794932003365,183.0
test_run,911,0.23641475074289486,0.22950819672131148,0.3879781420765027,1944.6530711337175,183.0
test_run,912,0.22829369852248416,0.23497267759562843,0.3442622950819672,1927.0419974290076,183.0
test_run,913,0.22512007004751866,0.19672131147540983,0.39344262295081966,1889.7089388032018,183.0
test_run,914,0.22370463113745953,0.20765027322404372,0.366120218579235,1905.0938406237703,183.0
test_run,915,0.23148206165046248,0.20765027322404372,0.3770491803278688,1927.0349621072035,183.0
test_run,916,0.23685931703967977,0.20765027322404372,0.3989071038251366,1958.9268652626254,183.0
test_run,917,0.23351560204223643,0.2568306010928962,0.33879781420765026,1945.7576396810996,183.0
test_run,918,0.23850801637060548,0.29508196721311475,0.366120218579235,1958.9658779837225,183.0
test_run,919,0.24014402741531216,0.24043715846994534,0.37158469945355194,1938.190316422433,183.0
test_run,920,0.23779256008156224,0.23497267759562843,0.3770491803278688,1933.7504573356962,183.0
test_run,921,0.24855002452140362,0.22950819672131148,0.3879781420765027,1942.3291869539808,183.0
test_run,922,0.2512990439629432,0.24043715846994534,0.3770491803278688,1956.669573199737,183.0
test_run,923,0.24271813453333757,0.2568306010928962,0.3442622950819672,1892.6484901683996,183.0
test_run,924,0.24946097647186027,0.25136612021857924,0.32786885245901637,1937.3807410886743,183.0
test_run,925,0.23846246821352302,0.18032786885245902,0.3333333333333333,1934.9506273688742,183.0
test_run,926,0.24557241390870854,0.19672131147540983,0.33879781420765026,1951.3039085706407,183.0
test_run,927,0.24280466939008472,0.20765027322404372,0.31693989071038253,1925.7214979105381,183.0
test_run,928,0.24632387831773972,0.2677595628415301,0.32786885245901637,1944.6953448059937,183.0
test_run,929,0.25190191388079564,0.22404371584699453,0.3442622950819672,1970.4970392669752,183.0
test_run,930,0.26783844563391,0.26229508196721313,0.3551912568306011,1994.5146749471512,183.0
test_run,931,0.2644417243146726,0.2677595628415301,0.4207650273224044,1978.4826767895063,183.0
test_run,932,0.2705564325563248,0.25136612021857924,0.4426229508196721,1964.1877203704505,183.0
test_run,933,0.2745807086276637,0.22404371584699453,0.4426229508196721,1996.3281732015462,183.0
test_run,934,0.27167915488582195,0.24043715846994534,0.40437158469945356,1961.784941043971,183.0
test_run,935,0.27405405468100974,0.24043715846994534,0.40437158469945356,1935.9799162488416,183.0
test_run,936,0.2697226470521068,0.2459016393442623,0.366120218579235,1936.1367939558606,183.0
test_run,937,0.2691979264931892,0.21311475409836064,0.3551912568306011,1963.4418469122777,183.0
test_run,938,0.27039461048427116,0.23497267759562843,0.3114754098360656,1978.6139508683764,183.0
test_run,939,0.26136816984403466,0.21311475409836064,0.2896174863387978,1964.1715618441626,183.0
test_run,940,0.25748587609128326,0.22404371584699453,0.3551912568306011,1950.064911017073,183.0
test_run,941,0.2496145797456304,0.22404371584699453,0.33879781420765026,1927.3917401419108,183.0
test_run,942,0.25211792696868773,0.22950819672131148,0.30601092896174864,1947.2226523406034,183.0
test_run,943,0.2465887933993347,0.19672131147540983,0.3442622950819672,1933.4606661977823,183.0
test_run,944,0.24438652042276865,0.23497267759562843,0.3224043715846995,1942.8818700774807,183.0
test_run,945,0.2469712976369427,0.2459016393442623,0.3551912568306011,1953.6518080850958,183.0
test_run,946,0.2520398170252507,0.23497267759562843,0.36065573770491804,1995.1026311125972,183.0
test_run,947,0.24504459679646984,0.22404371584699453,0.3442622950819672,1949.0289415741252,183.0
test_run,948,0.24525885377014522,0.25136612021857924,0.36065573770491804,1936.5103371836176,183.0
test_run,949,0.2427874252758926,0.20765027322404372,0.3551912568306011,1892.7045040249618,183.0
test_run,950,0.23567102500560866,0.20218579234972678,0.3333333333333333,1881.1258185056722,183.0
test_run,951,0.23904169341097203,0.18579234972677597,0.3770491803278688,1875.5369704634059,183.0
test_run,952,0.24358675750313163,0.22950819672131148,0.34972677595628415,1878.5434178436137,183.0
test_run,953,0.23908439850650876,0.24043715846994534,0.3005464480874317,1884.2828938481473,183.0
test_run,954,0.24561684292872688,0.22950819672131148,0.33879781420765026,1886.5626343207184,183.0
test_run,955,0.2538989727345613,0.24043715846994534,0.3333333333333333,1926.9299237054968,183.0
test_run,956,0.25220884769107355,0.2459016393442623,0.3333333333333333,1926.007881228928,183.0
test_run,957,0.25121699312468593,0.24043715846994534,0.32786885245901637,1916.9342156830849,183.0
test_run,958,0.2572316474234566,0.26229508196721313,0.32786885245901637,1922.510739929413,183.0
test_run,959,0.24904476783039886,0.2896174863387978,0.31693989071038253,1898.1024946489028,183.0
test_run,960,0.24825805925990663,0.22950819672131148,0.3224043715846995,1931.528440803648,183.0
test_run,961,0.2427124036983488,0.2677595628415301,0.33879781420765026,1903.568919672537,183.0
test_run,962,0.24382627864285,0.2568306010928962,0.3442622950819672,1924.0767740835881,183.0
test_run,963,0.25103998783879455,0.23497267759562843,0.366120218579235,1937.135117929324,183.0
test_run,964,0.24444567275561702,0.25136612021857924,0.3442622950819672,1948.3184914003486,183.0
test_run,965,0.2587779867268192,0.22950819672131148,0.3770491803278688,1975.6638746106973,183.0
test_run,966,0.25006884475198166,0.22404371584699453,0.31693989071038253,1957.2716350685591,183.0
test_run,967,0.25165048492497055,0.25136612021857924,0.31693989071038253,1950.9399964000665,183.0
test_run,968,0.2546731382730949,0.21311475409836064,0.31693989071038253,1961.550877299084,183.0
test_run,969,0.2600862654194096,0.25136612021857924,0.30601092896174864,1960.2633767530517,183.0
test_run,970,0.2578703961585953,0.19672131147540983,0.34972677595628415,1979.2962588426385,183.0
test_run,971,0.25862714670244724,0.2459016393442623,0.28415300546448086,2002.9665416459984,183.0
test_run,972,0.265413918523699,0.24043715846994534,0.3114754098360656,2021.8874744788286,183.0
test_run,973,0.2665195830945686,0.2568306010928962,0.30601092896174864,2016.1613591712735,183.0
test_run,974,0.2671941281445984,0.24043715846994534,0.3005464480874317,1996.2744070117762,183.0
test_run,975,0.26784648678262757,0.22404371584699453,0.28415300546448086,2002.693494091994,183.0
test_run,976,0.2628019468289775,0.23497267759562843,0.2786885245901639,1977.5925213083376,183.0
test_run,977,0.26184739286225667,0.24043715846994534,0.32786885245901637,1993.1549562802131,183.0
test_run,978,0.26599970768510706,0.2459016393442623,0.3224043715846995,1989.8387894037373,183.0
test_run,979,0.2625172151658304,0.22404371584699453,0.3005464480874317,1983.592723958637,183.0
test_run,980,0.2650062109012503,0.29508196721311475,0.31693989071038253,2005.1465781034249,183.0
test_run,981,0.2555771594064724,0.3005464480874317,0.33879781420765026,1981.752489166773,183.0
test_run,982,0.24607963413521117,0.32786885245901637,0.1912568306010929,1994.7335154027126,183.0
test_run,983,0.2422849398894551,0.30601092896174864,0.14754098360655737,1979.375483020522,183.0
test_run,984,0.2365751053914258,0.29508196721311475,0.1092896174863388,1977.2355049386908,183.0
test_run,985,0.2417380540088001,0.2786885245901639,0.06557377049180328,1988.3594162518611,183.0
test_run,986,0.2387129274507871,0.25136612021857924,0.0,1986.8633961921291,183.0
test_run,987,0.24247678994185407,0.2459016393442623,0.0,1967.717607351707,183.0
test_run,988,0.24085779400312401,0.273224043715847,0.0,1941.652397773521,183.0
test_run,989,0.2341485490208275,0.32786885245901637,0.0,1929.743944901729,183.0
test_run,990,0.23321482827801354,0.29508196721311475,0.0,1934.5980438581946,183.0
test_run,991,0.22295731952216058,0.3005464480874317,0.0,1914.852932752951,183.0
test_run,992,0.22224827904892708,0.28415300546448086,0.0,1921.3555965091834,183.0
test_run,993,0.22128510679491642,0.2896174863387978,0.0,1913.3698370960321,183.0
test_run,994,0.225674758822056,0.3114754098360656,0.0,1920.555390484519,183.0
test_run,995,0.22206778885644596,0.29508196721311475,0.0,1913.6455673479977,183.0
test_run,996,0.21899902373144786,0.3005464480874317,0.0,1916.8440819214704,183.0
test_run,997,0.22537123827743089,0.3005464480874317,0.0,1918.4513306727163,183.0
test_run,998,0.22838616589386773,0.3005464480874317,0.0,1940.371450185789,183.0
test_run,999,0.23391761262243072,0.28415300546448086,0.0,1930.0887695602275,183.0
